,Day,kurt_day_mean_min_magn,abs_mean_lastday_mean_magn,abs_mean_lastday_min_magn,energy_sstd_lastday_mean_magn,energy_sstd_lastday_max_min_magn,frequency_center_min_magn,frequency_center_lastday_min_magn,mean_square_frequency_min_magn,mean_square_frequency_lastday_mean_magn,mean_square_frequency_lastday_min_magn,mean_square_frequency_lastday_max_min_magn,frequency_entropy_max_min_magn,frequency_entropy_lastday_mean_magn,frequency_entropy_lastday_max_min_magn,level4d_energy_lastday_mean_magn,level5d_energy_lastday_max_min_magn,ulf_power_lastday_max_min_magn,ulf_kurt_lastday_min_magn,ulf_kurt_lastday_max_min_magn,ulf_energy_smax_lastday_mean_magn,ulf_energy_smax_lastday_max_min_magn,diff_1_lastday_max_min_magn,skew_lastday_max_sound,skew_lastday_min_sound,kurt_max_min_sound,kurt_lastday_max_min_sound,abs_max_max_min_sound,abs_mean_lastday_min_sound,s_zero_rate_max_lastday_mean_sound,power_10_15_day_mean_min_sound,power_35_40_lastday_mean_sound,mean_square_frequency_lastday_mean_sound,mean_square_frequency_lastday_min_sound,mean_square_frequency_lastday_max_min_sound,frequency_entropy_lastday_mean_sound,frequency_entropy_lastday_max_min_sound,level6a_energy_day_mean_min_sound,mean_lastday_max_min_sound,label_M,label_long,label_lati,PC1,PC2,PC3,PC4,PC5
0,406,-1.49602603386809,-0.865915513651006,-2.43006641382462,0.146217179962384,0.767733593333333,55.683375,56.199625,50.0090333333333,50.6078047453704,50.0278333333333,4.15723333333332,2.78055833333333,6.59124060763889,2.11370333333333,95.0190278703704,2242.06858666667,0.0003277968649999,-0.0439843666666666,677.568624366667,9.747331960502e-05,0.0026855210206665,2.23875416666667,0.03192205,-0.0375392,2.01678053333333,0.124719866666667,0.0215933113333334,-0.0080437036906971,6.71759259259259,2.0164113587344e-07,1.48541189496528e-07,47.7664095486111,44.7427,5.9076,9.23675414930556,0.0184916666666659,0.0080483960721924,0.0896233333333329,0.0,-1.0,-1.0,-5.14478100125411,-1.71399156402024,1.76519196662616,0.666359047162351,-0.911281403696955
1,413,-1.47195091521991,-0.788454640965821,-2.39809308049128,0.137122973671875,0.716100103333333,54.38845,56.7642,50.0134666666667,50.7142409722222,50.0565666666667,2.35303333333334,2.470505,6.50400043402778,2.470505,94.1008784722222,1600.54605,0.001966257685,-0.157264266666667,982.340839766667,0.000188967821765,0.0232056143375,2.78398,0.0278619333333333,-0.0316894666666666,175.467513683333,0.2206256025,0.0409072559276999,-0.0080438923573637,6.67447916666667,4.24453119376128e-07,1.47919633484375e-07,47.8575777777778,44.9921666666667,7.34238333333334,9.23776812789352,0.0256550000000004,0.0166438697159619,0.0766900000000001,0.0,-1.0,-1.0,-5.02537388531771,-1.77198652526015,1.78069716673824,0.603593636886031,-1.0596480942851
2,420,-1.54188897974537,-0.440737286509802,-2.71652508049128,0.184250535666088,0.991979356333334,54.0752,54.8412333333333,50.0091666666667,51.944776880787,50.0220333333333,30.3440666666667,4.43445166666667,6.61460305266204,3.3929525,136.215966239005,2339.93939933333,0.0007081667999999,-0.00331445,985.14020945,0.000188534500787,0.0247024870399999,2.18062,0.0292532499999999,-0.0391337666666666,4.14548223333333,0.135525903333333,0.0351644333333333,-0.0080449686906971,0.0,3.3927738136574104e-09,1.21783059837963e-09,45.8550266203704,44.54055,2.25041666666667,9.23952009259259,0.0158116666666643,0.0001695431822916,2.66666666668414e-05,0.0,-1.0,-1.0,-4.13124988789761,-1.95370099247525,2.22833326320944,-0.0852231883718172,-1.29038335089735
3,427,-1.52046365162037,-0.512675750919525,-2.67284908049128,0.189371251387442,0.939443255,53.6346,54.0081666666667,49.78875,51.9271079571759,50.0223,17.68435,3.09405,6.52310282407407,2.30994833333333,128.48410335735,2224.11023,0.00033793597,-0.766608333333333,866.021338333333,0.000125220187008,0.005143842675,2.78694833333333,0.0304298666666666,-0.032856225,3.9467057,3.25443143333333,0.0327241,-0.0080457351073637,6.37413194444444,3.3945439525463e-09,1.43936415849248e-07,47.908432494213,44.7123333333333,7.75103333333334,9.23762156539352,0.0193333333333356,0.0001688734149305,0.0999874999999996,0.0,-1.0,-1.0,-4.35611132241447,-1.68750459634321,2.11854824238668,0.527833888440195,-1.16585282693781
4,434,-1.46193761886574,0.598829761636019,-2.60021141382462,0.301533009786851,0.90020526,53.9666666666667,53.9666666666667,50.0067333333333,50.498489279732,50.0067333333333,3.93961666666667,3.73924,6.44104912897823,1.75967166666667,224.043014356365,2391.47517666667,0.0013965091066666,-0.660267333333333,438.017888833333,0.000142101329577,0.00130690736,2.12304916666667,0.0365356,-0.0277827666666666,73.9751928,0.144621993333333,0.0627322666666666,-0.0080465758573637,3.47278056951424,1.85183087416667e-07,7.99179284279732e-08,46.9465463149079,44.6326,6.34350000000001,9.23833995812395,0.0145149999999976,0.0073630922929166,0.0275674999999999,0.0,-1.0,-1.0,-4.29554685451313,-1.62081236735633,2.31976579241125,0.742079797037479,-0.838193424049702
5,441,-1.50495663773148,0.969553564184642,-0.737969080491284,0.365872680555555,0.75278755,55.1981333333333,55.6141666666667,50.0131333333333,50.2159372106481,50.0131333333333,1.01390000000001,2.0875375,6.39639126736111,1.569985,214.283279398148,1676.999,7.66415e-05,0.458786333333333,161.737821333333,0.0001808062994212,0.0011256109999999,2.04752,0.0256729,-0.0373174,0.618459833333333,0.615898666666667,0.0005915893333334,-0.0080465163573637,0.0,3.33306041087963e-09,1.13305359490741e-09,45.8627184027778,44.4248,2.2572,9.23992505208333,0.0185491666666681,0.000165622517361,0.0001266666666666,0.0,-1.0,-1.0,-5.36347467994856,-1.28617444637511,1.49865826294207,0.67212082553988,0.267540471962702
6,448,-1.48874126736111,1.46173930492538,-0.871622413824618,0.369339161863426,0.938622533333334,53.7397666666667,54.4986,50.0143666666667,50.1539549189815,50.0143666666667,1.12856666666667,2.30004,6.34941831597222,2.20459666666667,288.808993229167,2477.64866666667,0.0010469706666666,0.2613885,1072.4960365,0.0002414365845485,0.0031881062166666,1.7126025,0.0275720666666666,-0.03513546075,6.28331983,0.093341075,0.0015248713333333,-0.0080464640240304,0.0,3.3204539409722203e-09,1.39213304976852e-09,45.691530787037,43.3214666666667,3.33879999999999,9.23773151041667,0.0310133333333322,0.0001656301724536,2.99999999997524e-05,0.0,-1.0,-1.0,-4.77490850871041,-1.34845016358496,1.79920353210314,0.220065795310439,-0.0454284110089202
7,455,-1.47656881365741,-0.503120360757488,-2.69316691382462,0.164424786195023,0.837879883333333,54.2106666666667,54.2106666666667,50.00785,51.4126392939815,50.009425,25.6242416666667,3.76347,6.61068182002315,3.76347,131.675315646991,2252.90499916667,0.0004434382233333,-0.8193975,645.9722185,0.0001401688810914,0.0169511395643333,2.05062583333333,0.0436193999999999,-0.0360970833333333,21.16788755,0.967859,0.0441044621386666,-0.0080470696073637,6.59924768518519,3.33789793981481e-09,1.43693477361401e-07,47.9908623842593,44.6285666666667,8.10446666666668,9.23697445601852,0.0530899999999991,0.000166028662037,0.0850733333333333,0.0,-1.0,-1.0,-3.87374729268854,-1.69972480995722,2.09419030458056,0.162071501894921,-1.33958930563826
8,462,-1.49428614224138,-0.183701263651007,-2.68484041382462,0.185280593996238,0.89479823,53.5465,54.7552666666667,49.9943,50.70719921875,50.0111333333333,12.0531666666667,3.22533333333333,6.57232402777778,2.14294833333333,157.154951342593,2478.31133333333,0.0007070087083333,0.218732333333333,269.827695333333,7.59038623553094e-05,0.0006252793641665,1.5699675,0.0539766999999999,-0.0358113,12.48561892,0.562231366666667,0.0517804080000001,-0.0050038276906971,12.3888888888889,3.34449988425926e-09,2.83082786458333e-07,46.7635379050926,42.3688666666667,10.5555,9.22818399594907,0.0431433333333348,0.0001656814172453,0.124743333333333,0.0,-1.0,-1.0,-4.85414828988234,-1.75818174306878,1.85614692069301,0.606934692462662,-0.681085361706336
9,469,-1.48222181568287,-0.340608926961192,-2.74647926382462,0.178515010803067,0.880694418,54.28935,54.6163,50.0082,51.1701222222222,50.0190666666667,37.6418,3.2466575,6.54167629340278,2.75709333333333,140.380454571586,2306.85574591667,0.0009976574025,-1.26219,754.54974,0.0002199943610471,0.0343515007664166,2.14755916666667,0.04167155,-0.0427067333333333,4.2367610425,0.340714866666667,0.01803105,-0.0050012443573637,12.3237847222222,8.25456039641203e-07,3.3055530931713e-07,46.7602416087963,42.5825666666667,9.11148333333332,9.22674384548611,0.0351675,0.0368421256076388,0.1122275,0.0,-1.0,-1.0,-3.88195777543182,-1.54479214522887,2.17421135673415,0.513108836263802,-1.18048542478889
10,476,-1.45976379369213,-0.948821906966978,-2.78984054715795,0.175607515600405,0.820370052333333,54.589025,55.2954666666667,50.005675,52.5744615451389,50.0189666666667,41.8686333333333,3.69022,6.61039302951389,2.238385,89.6634042971065,1514.13332133333,0.0006309297799999,-0.594651,621.76592325,0.0001036259274594,0.01032647122,1.78466833333333,0.0303190333333333,-0.0363401999999999,6.3797228,1.1631266875,0.0392061,-0.0049886376906971,12.6443865740741,8.13900076809015e-07,3.66722701388889e-07,46.6476183159722,42.3778,9.340825,9.22582314236111,0.0368233333333343,0.0369215319157769,0.0977533333333329,0.0,-1.0,-1.0,-4.334396177919,-1.67588815712621,1.94303756310576,0.466923405499961,-1.1227725143654
11,483,-1.46169498714401,-1.4161627774573,-2.71949821382462,0.0604704155327669,0.460167597,53.13645,53.6074,46.0973,51.3202074029126,46.0973,17.8021333333333,3.70425,6.64492996763754,2.91325,78.8218536121359,2965.295414,0.0005002269133333,-0.5656255,466.85356375,4.66918754162581e-05,0.0012359760363333,2.23540469166667,0.08625609,-0.04964045,16.4433044,16.4151032,0.101097966666667,-0.0050312543573637,12.5299352750809,8.32419791956018e-07,2.81269050566343e-07,48.0392966828479,42.4137,12.615,9.23125178398058,0.0332241666666668,0.0353372768203883,0.102745,0.0,-1.0,-1.0,-4.39988365754228,-2.02985113969652,1.60836018702845,0.147707943019603,-1.14071935160298
12,490,-1.49241590856482,0.679820860453598,-0.591952413824617,0.248770231364829,0.520620466666667,53.7895666666667,54.16475,47.5173,50.083288648294,47.5173,3.0295,2.322045,6.38180170603675,1.86525166666667,215.820192388451,2706.66,0.0002278084999999,0.205692866666667,54.9987571333333,0.0001292237550524,0.0002749122666666,1.67392083333333,0.02544335,-0.03447885,16.4614995225,0.110624866666666,0.041456275,-0.0050194176906971,12.4232283464567,7.44786927631579e-07,2.71200927821522e-07,43.3639781496063,42.4676,1.80583333333334,9.21949018372704,0.0116733333333325,0.0364538640350877,0.0069116666666659,0.0,-1.0,-1.0,-5.22546362968945,-1.49309995806312,1.12418937600851,0.346381156853578,0.400595661765933
13,497,-1.52664788483796,-0.662567783616284,-2.53234991382462,0.117867508298611,0.537752045,53.5762,55.1948,48.983925,50.6536583622685,50.0236333333333,4.91786666666668,3.46803166666667,6.4848573900463,2.18328,93.0814802771991,1571.94835416667,0.00115626789,-0.050974,416.6926155,0.0001809553085416,0.0338237816508333,1.77919733333333,0.0343159333333333,-0.068530175,32.6292010333333,5.87161635833333,0.138512,-0.0050061918573637,13.1527777777778,7.87329834570957e-07,2.85001085069445e-07,46.9073672453704,41.71525,11.2309166666667,9.2272865943287,0.1275475,0.037141503761574,0.0687466666666662,0.0,-1.0,-1.0,-4.93987927397774,-1.97111881732259,1.58592814318818,0.534931046744494,-0.806473333081125
14,504,-1.51770401736111,-1.61608595462323,-2.41804608049128,0.0377965941090856,0.132046878666667,54.11375,56.0623666666667,49.87895,50.7382780671296,50.0215,2.95706666666666,2.73491166666667,6.52333743634259,1.41636333333333,24.9819719212963,319.792296666667,0.0001959349823333,-0.65971125,760.10686125,5.43485615555505e-05,0.0004708442886666,1.14851641666667,0.0541823333333333,-0.0379375,43.5254228733333,6.26592814333333,0.0986332333333334,-0.0050161843573638,13.5390625,8.28325037905093e-07,2.76883591145833e-07,47.5670313368056,42.4083666666667,99.6336583333334,9.22925954861111,0.112375833333331,0.0368328208043981,0.121493333333333,0.0,-1.0,-1.0,-4.89981498005921,-1.60769371644975,0.91698307815557,0.845464052377716,-0.819513678977642
15,511,-1.52061809693287,-1.44547330560702,-2.42337774715795,0.0463007127256944,0.164113326666667,55.0896333333333,55.1957333333333,50.0051,50.3302803819444,50.0051,1.710725,2.742615,6.4676762181713,2.43339,31.0396703559028,436.607116666667,0.0001985925366666,-0.357076,502.38157025,6.01825520089658e-05,0.0005546006879999,1.27583933333333,0.05174715,-0.05314335,11.8788986333333,2.05885116666667,0.0496616666666666,-0.0050042676906971,13.3093171296296,8.34070765625001e-07,2.79368592303241e-07,46.8526447337963,42.4462666666667,10.0068333333333,9.22805166956019,0.0410466666666664,0.037038273755787,0.126883333333334,0.0,-1.0,-1.0,-5.28141800787951,-2.03968581652141,1.32250031337644,0.622342571181081,-0.959884263071085
16,518,-1.54109677463312,-0.783476855086192,-2.50965174715795,0.114852161715856,0.61402491,54.3217,55.2867,49.7738,50.4977263599537,50.033,3.37063333333332,3.07680333333333,6.5511264380787,1.90375666666667,86.9532845428241,1552.15632666667,0.0012676462949999,-0.359894333333333,614.854389333333,0.000201966319199,0.0364496595450833,1.7355825,0.03949452,-0.0719536666666666,8.30068875,0.7588952,0.0682302333333333,-0.0050180843573637,13.900462962963,8.29931901467506e-07,3.13172399594907e-07,46.7186300636574,38.5166,16.9448333333333,9.22604369212963,0.146786666666666,0.033313009014675,0.0751400000000002,0.0,-1.0,-1.0,-4.89643070138847,-1.78593465748412,1.59587925676366,0.689906023467532,-0.736818750645603
17,525,-1.50477583994709,0.127582094855938,-2.42028741382462,0.17861981396412,1.67492668666667,53.6114,53.8418666666667,50.0082,52.2817080150463,50.02025,31.641775,3.77861333333333,6.59360972222222,3.77861333333333,294.916274438657,4563.4595825,5.08756935760767,-1.78810666666667,834.482582666667,0.371913996557549,8.81435404881,6.27625,0.203782666666667,-0.0452850666666666,24.4468535666667,22.0855129,0.0821281666666666,-0.0050121993573637,12.5500578703704,8.27900812210649e-07,2.78174557581019e-07,46.9904616030093,41.1422666666667,33.0262666666667,9.22798350983796,0.129715000000001,0.036931272511574,0.115253333333333,0.0,-1.0,-1.0,-2.02856655699029,-0.688092110836928,2.96076815979798,0.641600447839898,-0.891222099054899
18,532,-1.54824397048611,1.81970816574714,-2.53854016382462,0.272542333894676,5.05269905833333,53.5000333333333,54.4876333333333,47.0278666666667,51.5232837094907,50.0287666666667,4.41458333333334,4.464995,6.57162960069444,3.67175,420.239893967014,4128.5503275,0.0277703212083333,-0.234830666666667,587.715243916667,0.0032099203802603,0.0348226793866666,13.281647,0.0272746333333333,-0.039796775,23.2821112333333,0.251399460833333,0.0386408666666666,-0.0050004476906971,12.6724537037037,8.32356949942129e-07,2.85125241608796e-07,46.8291268229167,40.7000666666667,10.5886,9.22753158854167,0.0658966666666653,0.0370163947916666,0.0545708333333339,0.0,-1.0,-1.0,-2.54092077549984,-1.36513133860932,3.16421719649966,0.32158878574105,-0.974421196444262
19,539,-1.55387885127315,0.382032426684642,-2.73152051382462,0.272413744609375,5.78222446833333,53.3703,54.5324333333333,50.00035,52.0245550347222,50.0089,22.8986,4.0468025,6.6226516724537,2.64971,253.446602350984,4099.24105975,0.0271540098766666,-1.42344,481.708533,0.0011329399689525,0.0165619480166666,5.37277508333333,0.04267945,-0.03809075,87.0157116925,0.6118489,0.0556401749999999,-0.0050114710240304,12.9861111111111,8.40329790219907e-07,2.87915277777778e-07,46.9008527488426,41.9538,13.7007,9.228175390625,0.0773575000000015,0.0374793147858796,0.12057,0.0,-1.0,-1.0,-2.92834812914968,-1.23867143669002,2.85813862367286,0.64675207257172,-1.17958946384049
20,546,-1.55333824652778,1.73759743484436,-2.58137191382462,0.248494865940393,4.75819246,54.2312666666667,56.6218333333333,50.0159333333333,51.7296267361111,50.0492,4.58234999999999,3.398815,6.55619087962963,1.41742333333333,414.665708716435,4159.76127,0.0130590175766666,-0.244041,412.853147666667,0.001398720296276,0.0103085503258333,15.6543235,0.03884665,-0.0433239,11.3542271666667,0.6539927375,0.0418378,-0.0049947676906971,12.767650462963,8.21668504683698e-07,2.86377698206019e-07,46.7827111689815,42.66,8.52873333333333,9.227856328125,0.0304566666666641,0.0367657886618004,0.0701133333333334,0.0,-1.0,-1.0,-3.38767206017085,-1.06860812430515,3.13764900589805,1.21482166891431,-0.604973219154835
21,553,-1.54850940075232,0.120363477379086,-2.50391541382462,0.233283623561921,1.03924006333333,53.9619,54.1545333333333,50.0158,50.3824336516204,50.0198666666667,2.47850833333334,2.98865833333333,6.461656015625,1.70964166666667,168.054000625868,2358.23088833333,0.000355318215,0.229224666666667,630.662308666667,0.0001455070744212,0.006051055105,4.41480025,0.0274818,-0.0495434533333333,5.12105866666667,2.2799175,0.0392576833333334,-0.0049878043573637,13.275462962963,8.44453055266203e-07,2.90504955150463e-07,46.9322943865741,42.5192333333333,10.0869,9.22829962673611,0.0473399999999983,0.0374340015046296,0.0980450000000003,0.0,-1.0,-1.0,-4.81241003319768,-1.78217302462149,2.04069493511549,0.692628585052435,-0.7089948553602
22,560,-1.49368261915509,-0.150119203755173,-2.52323374715795,0.205906673666088,0.777290665,54.1967333333333,54.6481,50.0086,50.3877671296296,50.0280333333333,2.80686666666667,2.5216,6.48121880497685,1.91527666666667,133.023857488426,1598.87232,0.00033192957,0.0500109666666666,659.897767366667,0.0001037600910445,0.004102457345,3.41013775,0.120628,-0.0983890666666666,10.0335455666667,10.0144837166667,0.0560092666666666,-0.0049757076906971,15.1903935185185,8.41022660011574e-07,3.07023316261574e-07,47.0969355613426,41.3375,41.1233,9.22610973090278,0.118466666666668,0.0374920216724536,0.0658566666666664,0.0,-1.0,-1.0,-4.74321774252165,-1.62109384149099,1.75310229131076,0.784387263867412,-0.691553199493007
23,567,-1.48310609461806,1.1149665271476,-1.13356908049128,0.344847506655093,0.777722466666667,53.7935,54.5258666666667,50.0076,50.2839439236111,50.03055,1.26335,2.81861,6.44137594328704,1.74763333333333,244.987450983796,1912.84066666667,7.85516666667e-05,0.237299333333333,158.298437333333,0.0001418305603587,0.0002343135333333,2.64868166666667,0.0267181533333333,-0.032493,108.010248433333,0.65615855,0.0647707333333333,-0.0049861910240304,13.3888888888889,8.45193788483797e-07,2.87319002314815e-07,43.6824217013889,41.1867,3.42736666666666,9.21992435185185,0.0380750000000009,0.0376740781068524,0.0002824999999999,0.0,-1.0,-1.0,-4.8630894194016,-1.35964321532024,1.63958952178692,0.557677068721687,0.165881184878451
24,574,-1.48435950231481,1.35520424705501,-0.523175747157951,0.329196628298611,0.7747926,53.26125,55.2745,50.0111666666667,50.2134746527778,50.0216333333333,0.847966666666679,2.602515,6.38427652199074,1.69489333333333,261.612356365741,1661.81866666667,0.0004996899999999,0.202184566666667,795.1364441,0.0002492841154513,0.016250380475,2.28577916666667,0.0289262333333333,-0.0376307666666666,2.96351426666667,0.301373333333333,0.0221833666666667,-0.0049899176906971,13.4612268518519,8.25471019230769e-07,2.88911884259259e-07,43.6740632523148,40.3372,4.63189999999999,9.21993363425926,0.0437066666666687,0.0391796744623655,0.0003275,0.0,-1.0,-1.0,-4.88071465477506,-1.2646453912262,1.42703921534076,0.270112720552783,0.286508913640815
25,581,-1.51256283730159,0.269884969277234,-1.91602074715795,0.284110009780093,0.6026551,54.3512333333333,56.253,50.0055666666667,50.6423564236111,50.0294,4.72986666666667,2.52676833333333,6.44124578703704,1.4454225,155.325195486111,1558.68576666667,0.0001517329999999,0.348883333333333,554.365949666667,0.000166089049537,0.0022352879333332,2.28809583333333,0.030052,-0.0402455333333333,1.02915212,1.01121558333333,0.0125120333333332,-0.0049557110240304,14.328125,8.44613720486111e-07,3.02780960648148e-07,43.5849170717593,41.6246666666667,2.91336666666668,9.21987334490741,0.031486666666666,0.0412155965167548,0.0004333333333339,0.0,-1.0,-1.0,-5.2313076670621,-1.59579311218555,1.79468925221268,0.763701195332335,-0.274219350024266
26,588,-1.47632993055556,1.00274532769235,-2.58597541382462,0.492639335548902,7.24789247666667,54.85265,55.2622333333333,50.019,51.3078537924152,50.023275,20.467425,3.52019333333333,6.62928055888224,3.51438666666667,289.313180728543,3151.30476,0.31138465199,0.333336666666667,161.097813333333,0.0476106323845209,2.56428830032667,4.16447083333333,0.0568222866666666,-0.0478670999999999,29.8246621416667,0.643471066666667,0.0599944,-0.0082543043573637,13.1516966067864,8.05459753493014e-07,2.8121230738523e-07,42.0239010011976,0.0339908,51.6486758666667,9.02283263473054,3.73814,0.040107286277445,0.181266666666667,0.0,-1.0,-1.0,-1.84196410086798,-1.13675888320772,2.21932740146499,1.18966632277585,0.948807076373273
27,595,-1.46550108796296,0.635189953073531,-1.59137241382462,0.321858807060185,0.716856016666667,53.5629333333333,55.4237,50.0093,50.2664224537037,50.0269,1.64776666666668,2.29727833333333,6.45824406828704,1.22725,185.376847685185,1607.493,5.15271666666e-05,0.237223,38.3804003333333,0.0001259604156249,0.0001556955333333,2.16840583333333,0.0377800333333333,-0.0535677666666666,20.5019716933333,0.903952633333333,0.0301217,-0.0049611518573637,13.9456018518519,8.49529038773148e-07,2.96127111111111e-07,43.6445563078704,42.0841333333333,2.76526666666668,9.2204972974537,0.0258666666666655,0.0424617342592592,0.0030100000000001,0.0,-1.0,-1.0,-5.24968296327639,-1.4086233124802,1.67878387153454,0.913070339797132,0.0652634945526632
28,602,-1.46876042071759,-0.67426030792184,-2.71571408049128,0.168078832199653,0.646640951,54.8782,56.5538333333333,50.00735,51.2142845486111,50.0367666666667,14.128,2.96987,6.65433334490741,2.07769333333333,89.2811306328125,1413.09042,0.0005594535333332,0.335568,712.118001,0.0001783883637818,0.0076816023399999,2.24069433333333,0.0284677999999999,-0.03320955,0.756662066666667,0.236356015833333,0.0240096333333333,-0.0049630693573637,14.0104166666667,7.90195213315218e-07,2.9843908912037e-07,43.7764195601852,42.511775,2.63265833333333,9.22148665509259,0.0200466666666656,0.0386192975090579,0.0003375000000001,0.0,-1.0,-1.0,-5.09959765085944,-1.74565000816939,1.92369753731221,0.613124695280734,-0.808576226044223
29,609,-1.35672658969907,-0.537341542615127,-2.77713421382462,0.325071997749132,1.6741891,54.6449333333333,55.0202,37.40805,52.611230005787,49.9245,66.5145,3.83105833333333,6.73135943287037,2.48518833333333,110.601038145544,1736.90629603333,0.0009987389033333,0.204424733333333,1030.76204993333,0.0006895064297453,0.00988505084,4.45196125,0.0401676666666666,-0.1661118225,4.89849639166667,4.892619825,0.0177473499999999,-0.0049646076906971,13.6082175925926,8.52430024305555e-07,2.96761810185185e-07,43.7414075231481,42.68055,2.01095,9.2211603587963,0.0200824999999991,0.0430675205439814,0.0003366666666666,0.0,-1.0,-1.0,-3.77712010087274,-1.73550894654097,2.45938195555878,-0.0219075592626961,-1.13561574271024
30,616,-1.31597986631944,-1.34708618422392,-2.75936528049128,0.1268549504375,0.772482379333333,54.27365,57.0034666666667,50.0161666666667,56.9708732638889,50.0241666666667,56.1980333333333,2.96511333333333,6.77934622974537,2.17466,65.7790385445602,1694.9189999,0.0036806209066665,0.412601666666667,994.946748333333,0.0008062802790248,0.184700530768333,2.00991166666667,0.0208659266666666,-0.0385322,14.8515635,0.340218621666666,0.0288835000000001,-0.0049671493573637,13.412037037037,8.46557851273148e-07,2.91782418402778e-07,43.7420321180556,42.7233333333333,2.63553333333333,9.22070285300926,0.0306566666666672,0.042873610474537,0.0002933333333339,0.0,-1.0,-1.0,-4.86258692918941,-1.47133563913208,1.78086579413845,0.300988888365563,-0.91659915820799
31,623,-1.33093448810764,-0.233238704449617,-2.75921684715795,0.337861207095486,1.62151562966667,55.2169,56.2253666666667,50.0118,54.0102692418982,50.0333,73.0663666666667,2.98301,6.77735591145833,2.879555,139.746009634259,1941.52074963333,0.0016069980625,0.1045939,1004.6085311,0.0008620555587413,0.0349240894733332,4.65235466666667,0.0215679266666666,-0.0358052333333333,0.3318814,0.3318814,0.0052248999999999,-0.0049657176906971,13.5734953703704,8.4799438425926e-07,2.95150450810185e-07,43.7837715856481,42.5385666666667,2.27889999999999,9.22159517361111,0.0174633333333336,0.0427877441550925,0.0003250000000001,0.0,-1.0,-1.0,-3.81793129412409,-1.22911350343682,2.57901972195014,0.308939538914279,-1.08008136688755
32,630,-1.50428436082176,2.26235587176566,-2.60392741382462,0.29994189119184,2.04085984666667,54.8963,54.9205,39.8563,52.5489743923611,46.9205,22.3806333333333,4.18654166666667,6.8198730005787,3.40454666666667,746.008438072917,7552.8644325,2.40111343821667,-0.564392,1937.064392,0.25392393332605,5.45206754260333,15.1753743333333,0.0289236133333333,-0.0369531666666666,3.11717606666667,1.4620583,0.0314452,-0.0049233576906971,14.4818181818182,8.4361831712963e-07,2.90597729166667e-07,46.3466289015151,42.6275,9.26463333333333,9.21853685227273,0.0511241666666677,0.0402929975757575,0.0501,0.0,-1.0,-1.0,-1.49867145914043,-0.502688951834639,4.07978929045759,0.100397851512645,-0.762008740856604
33,637,-1.50660710178571,0.899995300729781,-2.74906468049128,1.01507876984288,11.4827645666667,53.0113,54.7184333333333,47.6412333333333,52.2633433449074,50.00075,27.43555,4.44730833333333,6.80638355613426,4.44730833333333,435.139052622106,4495.336197,0.6786643715,0.0957469999999999,1119.44706533333,0.179881441520651,3.256746580595,9.3896695,0.716061166666667,-0.149166015,1135.5655549,151.361147033333,0.727037233333333,-0.0049587943573638,14.9325810185185,8.43377053273809e-07,2.98604324363426e-07,47.5318411747685,42.9364666666667,27.6504583333333,9.22575508680556,0.129959999999999,0.037810878845238,0.1076,0.0,-1.0,-1.0,-0.815594541991875,-0.754472593838808,4.95338794760133,0.397579950901593,-1.87931478216061
34,644,-1.45120494849537,-0.564297838174499,-2.70234408049128,0.20844219303487,10.3811150733333,54.4403333333333,58.11485,50.0046666666667,57.0694799349882,50.00965,72.0866833333333,3.9649,6.75532329491726,2.780745,166.630838616135,4103.52377866667,0.0465220379,-0.381663,608.596096333333,0.0065742172627245,0.790706983273333,13.6183651666667,0.028571865,-0.0432891,5.6609548,0.127172233333333,0.0290936666666666,-0.0049565218573637,13.4205653021443,8.5568351754386e-07,2.88102376218324e-07,45.0880128167641,42.7882,8.94753333333333,9.22395002436647,0.021276666666667,0.0385487575520833,0.0395274999999997,0.0,-1.0,-1.0,-2.55417710697205,-1.06681961052754,3.16808110956843,0.597187496508255,-1.43467999602687
35,651,-1.46021968344907,0.56581644352492,-2.53762116382462,0.121442167744213,1.96598013966667,54.52065,57.3304,50.0232,52.0809106770833,50.044475,7.59695833333334,2.37755,6.63157827546296,2.15737,286.111097690972,4056.3334625,0.0160176185666666,-0.11660225,625.657060916667,0.0015166920556249,0.0188450998275,11.7692121666667,0.0580175,-0.0429123,1120.66987463333,7.56522566666667,0.421961716666667,-0.0049729576906971,14.978587962963,8.53674802154195e-07,2.97578270543982e-07,47.26113359375,42.6122,9.96733333333333,9.22327638888889,0.0231499999999975,0.0388599354166666,0.0549383333333333,0.0,-1.0,-1.0,-4.13856234834738,-1.21288451562988,2.37372263417664,1.08015037544158,-0.683681572391502
36,658,-1.47122766696218,0.553584984034179,-2.65010641382462,0.133083587719329,2.943814907,56.1664666666667,56.1664666666667,50.0195,52.0623157407407,50.0418666666667,9.81270000000001,3.10271333333333,6.75623609375,2.43546666666667,288.723121135995,4093.86269,0.016309343375,-0.459127,646.645777,0.0016616988537615,0.0134002138333333,13.06377075,0.0593266266666666,-0.0382807,186.15058485,8.44529423333333,0.13231165,-0.0049580176906971,17.1574074074074,8.80609329861111e-07,3.115382734375e-07,47.3207095486111,39.8021,21.3000666666667,9.22016100115741,0.307436666666666,0.0389744469907407,0.044305,0.0,-1.0,-1.0,-3.46376811379751,-1.03645680962596,2.5670846009728,0.944001139466878,-0.767664344525623
37,665,-1.45748159809028,-1.52509266810702,-2.72852241382462,0.105419325635417,0.553946936666667,55.4721666666667,55.4721666666667,50.0218333333333,52.2194492476852,50.0218333333333,19.4048666666667,3.2395,7.01862522280093,2.58203666666667,45.5959162210648,985.570581833333,0.0007438344499999,-0.438134666666667,398.620191333333,0.0001068387446759,0.0009412318083333,3.91213625,0.030190725,-0.0403687,100.018682883333,0.12263413,0.1040041,-0.0049502476906971,14.2045717592593,8.62768673032407e-07,2.9627406712963e-07,47.3152948206018,42.80925,8.95231666666666,9.2248842505787,0.0279366666666689,0.0389551561631944,0.0637666666666669,0.0,-1.0,-1.0,-4.57420975804096,-1.36287880877962,1.8392380538132,0.55664281333825,-1.0130456287511
38,672,-1.35329140331404,-0.72821938922971,-2.75077131382462,0.315496989673804,3.149676495,54.9687333333333,54.9687333333333,50.018325,52.9878711033951,50.02615,43.23735,3.5054175,6.89850258680556,3.33784,101.088834051119,2426.65486066667,0.01475424955,-0.303537133333333,1671.12103713333,0.0011956986553626,0.2561199447,4.006785,0.0451170666666666,-0.0842181499999999,78.79215965,3.49326975,0.17601,-0.0052470343573637,15.2609953703704,8.08191675226537e-07,2.93906162037037e-07,47.4567687307099,42.7826,9.6538,9.22764558063272,0.0623583333333339,0.0349351948109567,0.117644166666666,0.0,-1.0,-1.0,-3.42715982239705,-1.28038290551304,2.62571467335098,-0.0241272899440468,-1.60574338174358
39,679,-1.38518839444444,-0.94548268458079,-2.73648541382462,0.230041566535108,2.5769075245,55.951975,56.5242,50.0122,52.1405990740741,50.0122,29.3992,3.4816,6.86038585455247,2.90281666666667,81.320012503858,3075.42685566667,0.0046342908333333,-0.0245204666666666,918.010187133333,0.0006563479717399,0.0612240340666666,4.67329583333333,0.15296789,-0.09602761,4733.6636329,35.7854153,0.1930757,-0.0052056810240304,16.889274691358,8.30630887172861e-07,3.29049311728395e-07,47.4235322916667,39.8577,20.7699333333333,9.22527237654321,0.294786666666665,0.0346347189692603,0.133185,0.0,-1.0,-1.0,-3.81601114963901,-1.54165248362583,2.05370948286204,0.613137392051778,-1.18314601217572
40,686,-1.47121451678241,0.458900084439271,-2.47180041382462,0.302873246560571,6.23263705666667,54.4554,54.4554,50.0255,51.6322141589506,50.0449666666667,24.7806,3.915555,6.70397514274691,2.88539166666667,245.883404560185,4060.19358333333,0.0153404469,-0.136386675,692.211386675,0.0013769678520254,0.0183366870583333,8.75972541666667,0.0523644466666666,-0.0435917666666666,85.30386795,2.95626556666667,0.184816266666667,-0.0052315843573637,16.2903163580247,8.4206667959105e-07,3.12616063271605e-07,47.4049027006173,42.9801333333333,9.03801666666667,9.22648604552469,0.244182500000001,0.0347586786265431,0.0958099999999997,0.0,-1.0,-1.0,-3.15041570083882,-1.28942466285834,2.81465624749256,0.386375718072918,-1.1055229520034
41,693,-1.50123319888117,0.392633004195491,-2.56354641382462,0.270160397863496,5.88556535333333,54.3973333333333,56.6001,50.0089666666667,51.7566168406806,50.0403,34.4126,2.71647333333333,6.76164806651199,2.268785,241.139551861949,4052.02687666667,0.0153366028749999,-0.243687,736.774333666667,0.0012982083399845,0.0116436496999999,9.54420466666667,0.165072,-0.319502,48.824392,7.208838,0.1206715,-0.0049332976906971,49.7160278745645,8.47436127893518e-07,4.72892452584193e-06,44.3381977932637,28.804725,22.8267,9.08932945121951,0.732243333333333,0.035285715952932,0.0742233333333328,0.0,-1.0,-1.0,-3.0967348288997,-0.833799484408065,2.41972509632132,0.865874685521214,-0.40744160144839
42,700,-1.43087825963927,0.274216347556555,-2.65753991382462,0.283813653288966,3.71518742,55.6709,55.6709,50.0188,52.494251408179,50.0703333333333,15.6652666666667,3.03066833333333,6.78874637731481,2.92204166666667,237.869329247106,4048.23911333333,0.01546466465,-0.402303,733.130636333333,0.0013211417792245,0.011011603525,11.2492186666667,0.0589733333333333,-0.379539333333333,27.2798535333333,2.030839675,0.100932766666667,-0.0049400010240304,42.4288194444444,8.8597345457176e-07,1.88963310908565e-06,45.5605724537037,27.9256666666667,26.8694333333333,9.11479902777778,0.899222499999999,0.0388461755787036,0.0522058333333332,0.0,-1.0,-1.0,-2.92431354254546,-0.905226049668493,2.42880785736385,0.844963018729968,-0.569286521447146
43,707,-1.39402671527778,0.423872921051926,-2.72073974715795,0.264627027392554,2.54325551533333,54.4848333333333,55.7811,28.7302,53.2758397569444,48.3603,32.7382333333333,2.99866333333334,6.73695126350309,2.98980666666667,253.913660116512,4068.39668333333,0.0162781905833333,-0.98387875,649.658212083333,0.0020211992955825,0.1504818953,11.7311206666667,0.056699125,-0.137007625,28.381337,2.7054488,0.153045466666667,-0.0049515818573637,22.7358217592593,8.8350904224537e-07,3.83263893518519e-07,46.8431831597222,34.8378666666667,18.2036,9.19798294849537,0.347426666666669,0.0388258195312499,0.09823,0.0,-1.0,-1.0,-2.57567134826359,-1.18807422422714,2.69272101547601,0.522955270567775,-0.782561889856019
44,714,-1.39337721002466,0.392879351185953,-2.79329451382462,0.264607190704387,3.23523794666667,30.2945333333333,53.2485,13.96579,51.5188102184637,49.382,17.9640333333333,3.56544,6.69816249647639,2.33691333333333,272.809585011381,4046.264629,0.101534753185,-0.641987666666667,706.966254333333,0.0046239870534971,1.51011930678,11.345884,0.436965423333333,-1.10058823333333,6187.15268,36.7807392,2.30715933333333,-0.0082543043573637,17.2100694444444,8.3295015234375e-07,3.62120907335069e-07,45.7994593621528,0.0339908,51.6590092,9.11427519748264,3.74444,0.0361181460286457,0.178913333333333,0.0,-1.0,-1.0,-0.899632107736453,-2.41636138595708,1.5253274094876,0.572033286619355,0.688356327277592
45,721,-1.42459604651585,0.0315669627160971,-2.83619763382462,0.272916426109897,3.46034307347333,53.8220333333333,53.8220333333333,40.9833,51.273338781488,40.9833,21.5946666666667,3.77846833333333,6.76478041300527,3.77846833333333,228.105789920923,4101.1292655,0.0170223168166665,-0.396431666666667,830.662098333333,0.0012809765997612,0.0101537163366666,10.828705,0.4522312,-2.07014908,521.061063733333,167.7851516,0.314961666666667,-0.0082543043573637,17.2681605155243,8.21034916469661e-07,2.92539357791447e-07,46.1863183196251,0.0339908,57.7037092,9.16476077328647,3.75189666666666,0.0341715612450748,0.188296666666667,0.0,-1.0,-1.0,-1.42693224239355,-1.65916021693811,1.84523082884984,0.605711906392709,0.306571141296007
46,728,-1.37913085093013,-0.383277181501385,-2.60010016382462,0.398005627991276,3.5312742575,55.2939,55.8462333333333,39.3666,52.7627477961433,50.0344333333333,47.9106,3.95754083333333,6.85083180211203,2.95279,129.186238089991,3361.492345,0.0049058044,-0.345835333333333,789.761835333333,0.0008470334831037,0.01455853115,6.79474433333333,0.0447331,-0.0580805,120.821029116667,3.6065129,0.0941591666666666,-0.0052522868573637,14.9083101207057,7.96170434606481e-07,2.90623984447539e-07,46.7883411095636,42.4236,9.6066,9.22754420612813,0.155106666666667,0.0345779781709203,0.100703333333334,0.0,-1.0,-1.0,-3.1049374721879,-1.31073435825962,2.74718795433387,0.206064323229477,-1.2575583280652
47,735,-1.33944541768904,-0.770479846849309,-2.74625181382462,0.290351833484568,2.83030757891667,54.0590666666667,56.974875,50.021825,53.0894436921296,50.036,43.6903,3.67738,6.97618317708333,3.4567825,115.085599454089,3698.085826,0.0961749384666665,-0.559127666666667,327.877452,0.0008586309344521,0.162895774583333,6.92681083333334,0.059472867,-0.167757523333333,225.1457441,28.3936472,0.0576656,-0.0053075610240304,14.0062893081761,7.83556579093808e-07,2.79731939465409e-07,47.5757492531447,38.1958,14.4414333333333,9.22811986242138,0.085626666666668,0.0325505806310474,0.0963750000000001,0.0,-1.0,-1.0,-3.26622797993943,-1.10563045545407,2.48906272817754,0.531510295634617,-1.18057760298998
48,742,-1.39973402855604,-0.502021103540565,-2.82568413882462,0.311074848709206,2.85827399349167,53.9621,53.9621,45.51,51.9975517967146,50.0065,27.8616333333333,4.5885975,6.91319786105407,3.5610375,145.453869412782,3466.42876983333,0.0082345909,-1.31627,644.34127,0.0003119450640314,0.0057576530399999,5.6599175,0.282368035,-8.75722,345.701104583333,325.9833442,0.357892133333333,-0.0053127710240304,14.3426116838488,8.25154756357389e-07,3.12679811683849e-07,47.2896062886598,35.6122,17.045,9.22919948109966,0.194166666666668,0.0361387179553264,0.115250000000001,0.0,-1.0,-1.0,-2.57415162245614,-1.42961489164575,2.55613829344656,0.390324305936379,-1.3496333813517
49,749,-1.41858368930472,0.469433539285711,-2.80143448049128,0.390533306898122,4.1282394792,53.0877,55.8679,40.2780333333333,50.9298740316901,49.62675,6.7183,4.424855,6.73908920187793,2.77425333333333,330.395260952597,3992.28399846667,0.0136333306666666,-0.847233666666667,751.986959,0.0019155255161018,0.16151079955,11.2096966666667,0.3402424675,-7.93185206,945.111297366667,307.129976533333,0.306739766666667,-0.0082543043573637,13.1662735849057,7.54199263810862e-07,2.78671974174528e-07,48.0123731816038,0.0339908,64.6193758666667,9.18921413915094,3.77281666666667,0.0310298491745282,0.251076666666667,0.0,-1.0,-1.0,-1.20758329476574,-1.40675849989464,2.11250893934751,1.24969407927998,0.266918937871509
50,756,-1.41232548796554,-0.0203998939205407,-2.81224664715795,0.441034123514763,3.53253346326667,54.2158,54.3899666666667,46.2607,51.5100642386091,47.45725,53.9101166666667,4.38406,6.73559263788969,3.31751,206.055371730081,3791.0226074,0.0265020543908333,-0.823944,595.726310666667,0.0012304966096132,0.39489645375,8.2907985,1.231147725,-8.038145,419.035315,308.7074968,0.404095,-0.0082543043573637,14.2258230452675,7.68648921085859e-07,2.92007578353909e-07,47.2917629014403,0.0339908,54.6272092,9.20704132201646,3.74513666666667,0.0293443217592592,0.18362,0.0,-1.0,-1.0,-1.16707712927936,-1.44251330532475,2.03959308597974,0.97332755713512,0.105487867617067
51,763,-1.43796340817901,1.10140901480193,-2.55886974715795,0.535280501084105,1.81933550333333,54.5114333333333,55.71455,49.9471666666667,50.8692263888889,50.0390666666667,7.78406666666667,3.16091,6.69261036651235,2.78602,310.791220216049,3890.42473666667,0.0101966643333333,-1.3216,569.36955,0.0007860600708718,0.0047788467333333,13.5846696666667,0.0848000433333333,-0.0405367633333333,771.724697133333,9.39935436,0.3290316,-0.0049535776906971,15.6264880952381,7.87319647922999e-07,3.20311769345238e-07,46.6592121130952,33.5586,18.9636,9.22078814285714,0.167053333333332,0.0308025657548125,0.0961966666666667,0.0,-1.0,-1.0,-2.45444629243451,-0.900107364058778,3.32733029135655,1.22769065135682,-0.971482585973576
52,770,-1.47729884629629,0.350506601607481,-2.82431321382462,0.313104070734215,2.97185071647333,55.0761,55.0761,49.261925,50.6216517939815,49.550825,4.6587,4.10457,6.7531862808642,2.31756666666667,280.59630272973,3923.54938535,0.0121262574333333,-1.252095,395.9254725,0.0009247928910879,0.0078922011166666,9.45672391666666,0.119171966666667,-1.381536075,1014.61175239,40.0773678921167,0.275756666666667,-0.0052292243573637,15.934799382716,7.43749301594078e-07,3.48330813657407e-07,46.9473228587963,36.11075,16.5565,9.22452934606482,0.211593333333335,0.0332364165506029,0.124896666666667,0.0,-1.0,-1.0,-2.956466375082,-1.239404005294,2.82259131442671,1.02874040366324,-0.999609585122074
53,777,-1.51359342091049,0.864413137519468,-2.81267421382462,0.260221149165901,1.40241055323333,54.2651,54.2651,36.4975666666667,50.9397759305211,48.6947,4.72833333333333,3.794405,6.77455129032258,2.91632833333333,344.901689980004,4005.97469166667,0.0136297155999999,-0.655099333333333,673.634740666667,0.0018620537726219,0.2218271186,16.350469,0.382775933333333,-0.72120686,1272.5442435,78.5271296933333,0.912795466666667,-0.0082543043573637,14.3409653465347,7.97995717761558e-07,3.28461629950495e-07,47.446243040099,0.0339908,69.7729425333333,9.19416023308581,3.78644333333333,0.0340640136574073,0.2553225,0.0,-1.0,-1.0,-1.29519744076186,-1.36265822877097,2.01248163031459,1.21877464717749,0.52636955982423
54,784,-1.50507441841085,0.791645037487358,-2.83364486715795,0.256040255251476,1.53115933644667,52.96205,54.6095333333333,42.5656,50.4896971967963,42.5656,10.3203,4.465525,6.74995038138825,3.979155,339.843191910156,3957.78253128667,0.0122022831333333,-0.40838435,671.26964835,0.0009549104500571,0.0050847897999999,16.3140555833333,0.085484,-2.0571604825,6620.81493054167,123.357467475,0.432038,-0.0053634343573637,13.7105263157895,7.72671824508102e-07,3.20543258581236e-07,47.201509057971,39.2943666666667,15.8827666666667,9.2293880778032,0.109056666666664,0.0330423044704861,0.11941,0.0,-1.0,-1.0,-2.1696991135435,-1.92257579351403,2.87972753154339,0.441496534813648,-1.20771604557743
55,791,-1.55152024594907,0.862473010279838,-2.82757518049128,0.325840932447708,2.24840080145833,53.7323333333333,55.60195,43.419825,50.6898973813657,43.419825,12.05465,3.7622075,6.67356773871528,2.200555,319.98720124002,3929.26875995333,0.0114245904333333,-1.05269666666667,757.719127666667,0.001054802177199,0.0188383076666666,16.6433936666667,0.0989457033333333,-0.0630155533333333,302.94942873,16.81661521,0.0956077,-0.0053882843573637,12.5455729166667,7.66857395688658e-07,2.79173674623843e-07,47.3255454861111,30.9274333333333,29.1681333333333,9.2324971412037,0.259666666666666,0.0311674249710647,0.0931649999999999,0.0,-1.0,-1.0,-2.38894351890798,-1.35095326844318,3.13127717175031,0.90079680545979,-0.85266797101598
56,798,-1.42454189383929,0.482202097023183,-2.83741821715795,0.33687564467128,3.98881571811667,54.956375,55.2910333333333,30.0809666666667,50.6846501302083,30.5576666666667,38.1387,3.73231333333334,6.69294878616898,3.53736333333333,275.306914234653,3814.318855404,0.0098113454,-1.072928525,1201.764755425,0.000764760292361,0.0124179375666666,15.3959161666667,0.03222,-0.0733678866666666,2381.69345421667,3.06311440833333,0.2262569,-0.0052631043573637,12.0628858024691,7.58042066550927e-07,3.15504286072531e-07,47.2587824845679,42.0086,10.4166,9.23115477623457,0.0476000000000009,0.0310736731770832,0.0641958333333332,0.0,-1.0,-1.0,-1.71714852746012,-1.7903683225556,3.3703925839611,-0.060467040621048,-1.42450221355527
57,805,-1.47003336631944,1.5824187390984,-2.83042166382462,0.404934303549479,2.9858198860475,54.5012666666667,55.00075,27.3840333333333,50.83181194626,45.772325,16.5490416666667,4.656035,6.61773984023239,2.452475,392.176871385169,3780.68727800917,0.0067615086966666,-0.4924678,488.417454466667,0.0008315612237327,0.0114552311033333,15.4849353333333,0.1274448,-0.0331910306666666,37.3278924666667,2.24847006666667,0.0795216333333333,-0.0082543043573637,12.078835978836,7.83693298105691e-07,2.96373298941799e-07,46.7178304870899,0.0339908,55.5464092,9.18842444179894,3.754325,0.0335246462286178,0.203963333333333,0.0,-1.0,-1.0,-0.986106036920695,-1.51746147010548,2.43602185077854,0.947014258380204,0.643584315534413
58,812,-1.43237989957486,0.762653999807545,-2.81998321382462,0.247437479606714,2.7733334379,53.9555,55.2347666666667,32.5715666666667,50.8725742914356,47.981,12.7125,3.53098833333333,6.67748991836106,2.126725,312.874625116326,3766.62531336667,0.0074786839199999,-0.61458875,749.429634,0.0007409691294362,0.0219422008183333,14.8663293333333,0.040965,-0.0371660633333333,940.846189266667,0.242247933333333,0.0602729333333333,-0.0082543043573637,11.181570109152,7.75452707388749e-07,2.70891266372796e-07,46.538696895466,0.0339908,54.8507342,9.17131311083123,3.74684,0.0321703006016042,0.195713333333333,0.0,-1.0,-1.0,-1.6690976575556,-1.48723497030559,2.02084862374044,1.23713803112746,0.651257561637088
59,819,-1.46765017936081,1.41778705821118,-2.68926741382462,0.275082569620992,2.03851396166667,52.9605,55.5894666666667,25.5815333333333,51.743381748695,49.9584333333333,15.3286666666667,3.83463,6.64382733780761,2.00169333333333,354.867398963087,3814.49018,0.00900282045,-0.0999755666666666,756.6920089,0.0009383237038776,0.0242535091666666,15.599736,0.04530335,-0.0383360333333333,67.282449,2.12705293333333,0.0703866,-0.0082543043573637,11.300149142431,7.5560280271804e-07,2.61789056301268e-07,46.897879412528,0.0339908,52.8531092,9.20587522557793,3.74296333333333,0.0311068017323774,0.182536666666667,0.0,-1.0,-1.0,-1.68179114631014,-1.49018773135304,2.04972880543397,0.997888360552872,0.857669011720915
60,826,-1.4756678119213,0.403461545071505,-2.83612039382462,0.183817056776752,2.76886364900667,54.2437666666667,54.6526666666667,18.3237666666667,50.3114192563657,18.3237666666667,39.8292833333333,3.96271333333333,6.61290015335648,2.968355,274.50650515443,3736.91433861333,0.022940811795,-0.0890302666666666,788.5338676,0.0011200891220775,0.246320843875,15.086723,0.0397726,-0.0377487,607.513780316667,1.298556324,0.24064695,-0.0054118118573637,10.5250289351852,7.50608640480324e-07,2.57259177951389e-07,47.3331379340278,41.5453,11.33385,9.23372774884259,0.0552650000000003,0.0306559438657407,0.108269166666667,0.0,-1.0,-1.0,-2.30704393343533,-2.41341325081981,2.79307222272381,-0.634465915049766,-0.835705163068678
61,833,-1.48604977380952,0.992203553382173,-2.62249741382462,0.222287358744213,2.17682081333333,54.19095,54.19095,18.9163333333333,51.9548399498457,50.0163666666667,23.7786333333333,3.15227666666667,6.61307459104938,2.7493325,312.586796158565,3772.12707333333,0.0152542947766666,-1.24615333333333,683.588471666667,0.0008064248973032,0.0105896441533332,15.2558523333333,0.04723395,-0.0410534666666666,9.4841556,1.9090462,0.0363471,-0.0054104376906971,10.5800540123457,7.5610885140755e-07,2.59527060378086e-07,47.572226716821,42.3970333333333,10.9621166666667,9.23175465856482,0.0810650000000006,0.0309312760416666,0.133566666666666,0.0,-1.0,-1.0,-2.4615836926902,-1.46828822239653,2.97789943333453,0.432116535254254,-0.910061338219533
62,840,-1.43999274527778,-0.289834293461714,-2.83106101382462,0.195157278720516,5.66224674190667,53.68045,55.4233666666667,26.6649666666667,50.9065223454301,45.2323333333333,14.724,3.46033666666667,6.66187062668011,2.79510166666667,159.606791806106,3289.0726745,0.0146984747433333,-0.216683,1300.52602933333,0.0011198563084358,0.0944056597099999,5.50466333333333,0.0379462333333333,-0.21293495,50.7491909916667,4.21993583333333,0.0682243499999999,-0.0054142543573637,11.2035108024691,7.42822833650794e-07,2.58541932484568e-07,47.4751273341049,42.2346,10.8731666666667,9.23163333912037,0.0781316666666658,0.0307397472656249,0.10292,0.0,-1.0,-1.0,-3.38565276044608,-1.93573354556231,2.58127682888457,-0.0823607758983289,-1.2551841920094
63,847,-1.45170876833333,0.225428997827582,-2.83639347715795,0.191548803299394,4.05018725763667,54.6745333333333,55.0296666666667,19.0619666666667,50.4360879195602,31.5884333333333,28.909,4.05865,6.63622229600694,3.36897666666667,237.24720469442,3942.84304853667,1.71526376892333,-0.366565758,669.030478758,0.0049541266676895,1.34195646626333,10.2841029166667,0.124192156666667,-0.11479861,6.92336151666667,3.25087692333333,0.0421705666666666,-0.0054086843573637,10.2553530092593,7.36925481915508e-07,2.56906073061343e-07,47.5935681568287,42.3246,10.6344,9.23447434606482,0.0625366666666682,0.0305063598958333,0.120716666666667,3.8,98.47,31.37,-2.49960277886268,-2.12584563458259,2.76787886484519,-0.391589429267906,-1.0138557965365
64,854,-1.49114563503086,0.310244006457245,-2.82630018049128,0.166566939800424,1.50099356731,53.00025,54.1136,32.2558333333333,50.7502817708333,45.8380333333333,12.8877666666667,3.38504166666667,6.54406513939951,2.39101666666667,236.240109866651,3748.62313196667,0.0155644539999999,-0.453672333333333,788.223416,0.0008035452571476,0.1721540474,7.8742125,0.0318392333333333,-39.548,4733.30662493333,4733.2982465,0.2056901,-0.0082543043573637,10.5286458333333,7.27960314160628e-07,2.66549430156446e-07,47.4148473354167,0.0339908,53.3832092,9.2151855223652,3.75073333333333,0.0301832871376811,0.1932625,0.0,-1.0,-1.0,-1.86294598435373,-2.61466306057836,0.909510783174018,1.86295141447986,0.775173502517279
65,861,-1.47143609291088,-0.263572642496393,-2.83120141382462,0.180868013726758,3.51137187948,53.9282,55.1163666666667,35.956,51.2296952266922,45.4133,28.3466,3.8840025,6.6731380188378,3.46477833333333,188.806354773428,3992.32083002667,0.97559120306,-0.567446666666667,1104.68229666667,0.0045913865119125,1.13329637637667,9.10055416666667,0.0313917,-0.0420493,165.6859422,0.36891373,0.236460483333333,-0.0053809943573637,11.1483585858586,7.45389526284349e-07,2.65621299242424e-07,47.4577966329966,42.2839,12.8907666666667,9.23180775462963,0.0485716666666657,0.0309557359916367,0.0893699999999997,0.0,-1.0,-1.0,-2.93106223050991,-1.78698780386993,2.70769267860876,0.0107206690781932,-1.40752456693435
66,868,-1.44686424392361,-0.711173480332141,-2.81249701382462,0.160074061643235,3.98933370311333,53.3167,53.3167,42.2996333333333,51.0824658275463,49.10145,46.0664166666667,3.97291333333333,6.65053588541667,2.67412333333333,143.928187211198,3968.3145293,2.05157042756667,-0.427494333333333,413.800687666667,0.0025268884727415,1.17489749054333,10.3487958333333,0.0654705699999999,-0.579113366666667,1012.18365266667,7.95672182333333,0.221643333333333,-0.0053008243573638,11.6251929012346,7.78594408757717e-07,2.6621598128858e-07,47.3670805748457,42.4748666666667,11.4553333333333,9.23220823688272,0.0601900000000004,0.0331688546296295,0.0924499999999999,0.0,-1.0,-1.0,-3.24388770979016,-1.86250115191789,2.47161348162852,0.419561899103193,-1.28490748850495
67,875,-1.44604338892794,0.0761462139965629,-2.81676864715795,0.235024920328634,3.91208434337,51.1116666666667,54.1620333333333,46.7927666666667,51.5715227430556,47.5894,26.8149666666667,3.44464,6.68854060619213,2.60653333333333,242.373274855388,3885.08066173333,2.50906672521667,-0.5968875,705.0043875,0.0034918560168749,1.63552535139083,11.0059891666667,0.08075238,-1.26512503333333,1054.153314,54.4080718266667,0.59341205,-0.0052831293573637,13.1024305555556,7.86443427083333e-07,2.74629114969136e-07,47.3393872492284,34.5597,18.4821,9.2313377025463,0.183763333333332,0.0335314649498456,0.0830958333333331,0.0,-1.0,-1.0,-2.88391055313429,-1.51483510023456,2.70317075784468,0.69721907846981,-1.01396287972835
68,882,-1.47641364237929,0.361925383875035,-2.82581204715795,0.45143403113297,4.62082454453333,53.4598333333333,53.4598333333333,35.521175,50.6991828125,42.5756333333333,21.2086966666667,4.02669166666667,6.52943156298225,2.93722333333333,247.320783993095,3935.10953763333,1.389794491925,-0.215142366666667,564.158112366667,0.0039838705130516,1.57750173074333,8.891617,0.05844055,-1.06648296666667,2615.80741833333,28.4999204783333,2.60778666666667,-0.0052992273573638,13.0102430555556,7.65959491840278e-07,2.74538008323688e-07,47.988820001929,38.5923,15.06613,9.23724745679012,0.117546666666669,0.0321065981944443,0.134029333333333,0.0,-1.0,-1.0,-2.50898803115673,-1.96055877558937,2.9601187051845,0.48570197000224,-1.2768846749489
69,889,-1.46885080199074,1.21764306651875,-2.81479004715795,0.68199516067716,5.38392971946667,52.5024,54.65315,20.6945333333333,50.6346618287037,48.4447666666667,13.7899733333333,3.90068,6.42905165200617,1.964725,359.60124127201,3809.56751473333,1.272034794258,-1.21798,664.462273333333,0.0046911413868402,1.266938711525,9.616498,0.0991932366666666,-3.85391143,2571.07030053333,116.07479065,0.306286533333333,-0.0052858273573638,16.1611882716049,7.69320015075231e-07,3.00159543094136e-07,46.4719083680556,29.6742333333333,25.3834266666667,9.23096491203704,0.372536333333333,0.0317530212268518,0.091778333333333,0.0,-1.0,-1.0,-1.67813057550809,-1.64957357913894,3.53245710259165,0.936731245984878,-0.91030445031502
70,896,-1.55370432874228,0.67983135305424,-2.82717126382462,0.432732139057272,3.37487705473667,50.5651666666667,56.1727666666667,42.5534666666667,50.445565778035,44.9706,14.47511,3.28536666666667,6.41705806018519,2.42921166666666,280.141934042114,3938.26154813333,1.07082251546667,-0.200612,582.47197,0.0127487325263387,2.71285831106667,9.351739,0.084835875,-3.230741868,504.568213466667,101.9657533,0.99073175,-0.0053110353573638,16.2637860082305,7.42575500282438e-07,3.21589819161523e-07,46.9707528330761,29.0674,23.54799,9.23471940753601,0.309919666666667,0.0319539025625823,0.101197,0.0,-1.0,-1.0,-2.86692962227601,-1.72386384903038,2.89240130998881,0.941688840021834,-0.770501543619337
71,903,-1.52423653662436,0.732635645331761,-2.82969016382462,0.461739500917077,3.800408059645,41.1321,41.1321,27.8136725,51.8842885667438,27.8136725,47.1174775,4.600511,6.48323180722737,3.350945,297.594835210066,4283.5110680875,1.61063714716667,-1.157727,898.799597,0.0279131614414782,3.77730967554,8.193974,0.304203,-2.56766975,1095.97030666667,375.962356065,1.23325333333333,-0.0052985573573637,24.3521733539095,7.64677318989328e-07,2.94270722187438e-06,47.1212511175412,30.2148,51.4007333333333,9.21987183809156,0.775223333333335,0.0330101354551161,0.108802,0.0,-1.0,-1.0,-0.514853940975172,-2.42231869968532,2.76982119370379,-0.980834151434105,-0.864364139155069
72,910,-1.54858532209491,2.10738458092847,-2.10334941382462,0.421746722618827,1.48734523,48.3181,58.0605,42.8979,51.0877963425926,50.05363,5.41139000000001,3.715645,6.08424827584877,2.052786,365.239995883488,3957.48483,1.04544629126,-0.44084927,354.48477187,0.00714623627853,1.0289187002,8.311631,0.1095348027,-0.962144867,654.7791917325,136.197601011,0.413797666666667,-0.0052954153573637,24.928125,7.64204154050925e-07,3.31331318402778e-07,46.6277933680556,26.83013,26.44039,9.21588705902778,0.469502,0.0331051554117646,0.121946,0.0,-1.0,-1.0,-3.0563803763914,-1.58025300458275,2.3198198587463,0.95844193100098,-0.166594602638206
73,917,-1.49793682941385,-0.189050828888854,-2.81726796082462,0.175021375912641,2.36442211663,55.29463,56.71807,15.18905,50.9909056905864,47.14302,22.79577,3.783849,6.37193158082562,2.940096,175.622001835201,3996.70477928,0.7311625046,-0.4152168,277.2220554,0.0030698856571791,0.750139338005,11.890013,0.071817089,-1.859054401,174.2723877,96.59425917,0.17028183,-0.0052926913573637,20.3715856481481,8.03710636246142e-07,2.79126634857253e-07,51.4389459567901,42.345,20.41681,9.23061828626543,0.174671,0.0344343554070215,0.128122,0.0,-1.0,-1.0,-3.09503266038073,-2.14280737247274,2.30735851330876,0.318842379348614,-1.16190237956356
74,924,-1.44293445000579,-0.274254566191998,-2.82588853382462,0.232808826039179,3.224616451926,54.10059,57.23252,18.48262,51.5747068152006,45.48244,38.79096,4.238269,6.51694040793789,3.062344,181.855825811235,4043.8505398,1.2492910648,-0.323965,191.759574,0.0035568520357265,1.24149778283,9.473525,0.124579267,-3.996918315,500.3369925,354.32749355,0.74954052,-0.0052726543573638,23.0097883597884,8.02274153531815e-07,3.22688083259847e-07,48.6174093088624,42.49731,26.07291,9.22551081823192,0.133104000000001,0.0335526438528896,0.0999039999999999,0.0,-1.0,-1.0,-2.79030299482329,-2.0122075972275,2.34344040459206,0.22801441730083,-1.13493477584744
75,931,-1.41590773416628,-0.529985938275726,-2.83279644782462,0.149747378463971,2.326758934341,56.74502,56.74502,38.49004,52.2184221571619,46.14325,28.26079,3.90647,6.59155749598415,3.248367,185.770834947602,4922.095948005,2.508813716923,-1.4038042,372.0908842,0.0487005009440547,4.92290230021,11.2429398,0.111890341,-4.3348069979,738.54631472,213.53885285,0.32197857,-0.0052594453573637,36.3439557613169,7.96435295884774e-07,5.59701056790123e-07,45.8020320113169,24.21896,36.64913,9.18795704295268,0.847271999999998,0.0339158633389592,0.106159,0.0,-1.0,-1.0,-2.10724978284424,-1.34870791769377,2.26152623927335,0.989030455426213,-0.76307141936278
76,938,-1.41335761700056,-0.220760900336191,-2.83327459582462,0.182232388325778,2.010964933895,39.99377,56.80506,30.708202,52.8219386709105,33.14307,49.39386,3.815739,6.57648970910494,3.355244,214.307276938506,4859.158590235,5.21595235371,-1.667403,595.444363,0.116306446262421,6.48557397376,11.272215,0.8476379,-1.803687384,376.668638,155.2326761,2.29212594,-0.0052485293573637,36.2619020061728,8.2157652667221e-07,3.43589729647375e-05,55.0792788117284,23.74514,154.61886,9.21878450675154,1.170388,0.0354714245714084,0.137155,0.0,-1.0,-1.0,-0.375670781962773,-1.16589586573466,1.70532112237446,0.2718917656462,-0.685733640470521
77,945,-1.44262867988233,-0.236986005424348,-2.82925742082462,0.184998831456445,2.87120255915,43.17759,43.17759,34.90287,51.7219727121914,34.90287,47.43116,3.770284,6.53182057137346,3.348871,224.099201708359,4599.26913988,5.105229622891,-1.2540853,733.26492555,0.129491576378965,8.26542721087,8.972425,0.29726943,-1.0885531894,782.72213043,164.2733615,1.86503776,-0.0052249893573637,24.5335648148148,8.33690087259522e-07,7.26292089176259e-06,50.7546099645062,27.80243,34.79363,9.21561541145834,0.955124,0.0352942343639291,0.130534,0.0,-1.0,-1.0,-1.13726355234105,-2.04547886058417,2.34505457014983,-0.334551248610947,-0.796637327783773
78,952,-1.47171480559028,-1.32318633041155,-2.80369153382462,0.120916081889177,0.62690972276,55.32124,57.16239,47.52496,50.7234942566872,49.73411,14.8476,3.546792,6.42814325411523,2.037718,59.5999943074614,1202.46199576,0.0030758117099999,-1.406335,314.023806,0.0003476847489305,0.078655882098,5.3815855,0.79500239003,-1.91491381,1066.88081455,326.661737643,0.51195038,-0.0051532613573637,23.7714506172839,8.35470070505401e-07,3.31322050977366e-07,49.5678709542181,23.04972,36.81169,9.22272532150206,0.411417999999999,0.0359546765033926,0.138418,0.0,-1.0,-1.0,-3.82066449046405,-1.84840243134701,1.43983661833738,1.26000292184774,-0.914805102239731
79,959,-1.43910654192387,0.0260857921144188,-2.81614145382462,0.295283966201473,3.9261947184,57.42551,57.95723,40.04911,52.6848422763029,49.1618,38.17748,3.752705,6.63135061022616,3.187942,301.91049494454,4990.19959252,7.25473339884,-1.4259885,511.8503755,0.370831271991582,8.81174188236,6.990975,0.07177731,-0.716792385,186.33301256,23.789705082,0.2472915,-0.0052425243573637,17.8100921882581,8.22574652590552e-07,2.9420006088064e-07,51.4949957799612,41.62242,18.80584,9.24122395924309,0.108681000000001,0.0343234917592592,0.672091,0.0,-1.0,-1.0,-1.93271460508985,-0.590788541554973,3.3091346628386,1.06536850301929,-1.08410268553628
80,966,-1.43944455927384,0.113780940373013,-2.83293240082462,0.189792439912648,2.041077405457,50.09753,50.09753,32.88947,51.8512263722714,32.88947,62.43178,3.745763,6.44587181860353,3.067723,244.066374878338,4764.485637936,2.8840413148,-1.454717,458.965937,0.0393290666191293,4.612103766018,12.985472,0.13155436,-0.1666733,516.3777192,125.09446148,0.47779737,-0.0052884134482728,43.4162439504388,8.38209482831791e-07,4.27240358802175e-05,49.133903210334,32.49788,27.73366,9.10268749949796,1.606489,0.0349929728696413,0.632895,0.0,-1.0,-1.0,-1.23434974443624,-1.7869884617266,2.22677254556259,0.0821893148958693,-0.639614988005402
81,973,-1.44597441321759,0.673910007214477,-2.60731351382462,0.251348899490741,2.640417625,48.363,57.7762666666667,32.76778,52.1813688503086,50.03995,30.14763,3.944776,6.64182857458848,3.741296,267.75962728035,4425.976669,4.45708446524,-0.8659041,811.1317525,0.0605238787965046,7.24811732197,12.1813583,0.075422593,-0.0257908289999999,221.044314488,4.53316191,1.83840159,-0.0052491833573637,16.0103652263374,8.20739593338477e-07,3.08153256378601e-07,51.6016629038066,41.70614,18.15323,9.24195371784979,0.264994999999999,0.0342959949485596,0.150532,0.0,-1.0,-1.0,-1.86534537229313,-1.1777054324084,3.01047423235826,0.416185400631113,-1.26730778748647
82,980,-1.42512900984568,0.157778247746184,-2.76906854382462,0.18379520757188,2.219825201,56.08231,56.08231,47.42398,52.6418051074151,48.84431,43.49169,3.94923,6.67054060868561,3.656503,219.751142381698,4334.6775143,0.89789387005,-1.0297075,539.1702749,0.0169281267112656,1.920857758046,10.231739,0.025321957,-0.865405555,316.18640923,22.92206506,1.63059896,-0.0052319323573638,16.3712173712174,8.31503452989969e-07,2.94435639431739e-07,51.3852572825133,43.03318,17.90509,9.2421661963502,0.100677999999998,0.0342095369495884,0.122094,0.0,-1.0,-1.0,-2.65283801086904,-1.14965031183739,2.60841251593456,0.568439675665422,-1.43569137100367
83,987,-1.49860251512346,0.465630120021336,-2.79278801382462,0.273586032646055,2.91271695831,55.26056,57.80069,49.2286,51.9308005035129,50.00497,34.97349,4.067701,6.58954090524981,3.365109,275.12098202799,4764.18530028572,3.607106843376,-1.775414,635.972288,0.100100069529271,6.307310417916,12.380635,0.050527889,-0.68441331,464.48635373,28.245490007,0.20830179,-0.0052078973573637,17.5316321883945,8.32242377121914e-07,3.11795388690476e-07,51.0368774534869,42.42958,18.06422,9.24056616617877,0.0841120000000028,0.0333652921103394,0.117735,0.0,-1.0,-1.0,-1.93594601079864,-0.783634919129995,3.33650374775683,1.03026976632625,-1.46770380683489
84,994,-1.46534716851852,-0.188868342260653,-2.82451331582462,0.168726338456394,1.9516848838,56.10775,56.10775,42.69649,53.3041546886887,42.69649,47.05141,3.74493,6.5688913957958,3.110644,261.96124407649,4818.267693672,6.228361924233,-1.90962,806.16822,0.219308298163714,8.59885258776,10.9458,0.023902664,-0.391791723,1228.264767535,23.34835678,1.38477541,-0.0051948753573637,18.5978110873186,8.39518276877572e-07,3.3324998194147e-07,51.4752104258863,37.12329,26.86344,9.2401925531763,0.146140000000001,0.0348951321656378,0.611760333333333,0.0,-1.0,-1.0,-1.6323491321214,-0.964233412192723,2.92241374370365,0.925573785052692,-1.23429733762242
85,1001,-1.38982153310143,-1.32386730160887,-2.80596143382462,0.119415088116482,1.16042925609,50.15346,57.00036,15.28057,51.7755702891021,48.60199,25.77266,3.433516,6.45835468608922,3.036985,52.3776884797377,1428.8256301,0.00082790157,0.16757261,788.41835739,0.0002990977037812,0.014122690778,3.5258207,0.13928557,-1.499843981,140.20116049,83.108118136,1.09024397,-0.0051513043573637,24.2045563549161,8.55421097487999e-07,4.42190622284078e-07,50.9008716915991,31.05415,29.25995,9.22817243155951,0.373769333333334,0.0349920887801792,0.577854761904761,0.0,-1.0,-1.0,-3.77946301736122,-2.55280642639514,1.26511503764911,-0.103364209825635,-1.02464504478787
86,1008,-1.42915714032969,0.612909652155321,-2.74155689382462,0.252872955314789,2.590726326,54.84665,55.52288,46.36663,54.1874816255144,49.33714,53.48296,4.3355165,6.44122847119342,3.180685,371.804598717953,4970.594888,6.00947862851,-1.879237,402.437582,0.357502048971595,8.710610516123,10.781303,0.64599575,-0.03789822934,74.8598514,74.02873205,0.1597514,-0.0051781483573637,17.698353909465,8.48823572530865e-07,3.20260628549383e-07,51.6323968595679,44.42046,15.54117,9.23931931481481,0.139877,0.0350405722582304,0.0971639999999998,0.0,-1.0,-1.0,-1.57128544303575,-0.571321787774761,3.40704498636599,0.937864829726009,-1.13780165369041
87,1015,-1.42657755901749,0.40937460919493,-2.63045401382462,0.285003278275206,2.1889512693,56.218,58.21758,49.31527,56.04142719393,50.02772,64.90576,3.593878,6.58570815046296,3.219358,334.076176108565,5004.28824444444,6.087763341506,-1.81636,826.7106293,0.261157372418696,8.747363338928,11.2633295,0.0334012600999999,-0.027378923,50.5319088121,1.673744104,0.07762721,-0.0052034233573637,15.9025462962963,8.37687174485597e-07,2.99239386471193e-07,51.8002658127572,44.61171,15.75046,9.24266619290123,0.0595189999999998,0.0348002088348765,0.0875850000000002,0.0,-1.0,-1.0,-1.75668592206507,-0.20227992665886,3.46739904640626,1.01331073525977,-1.24381864180328
88,1022,-1.4715882635811,0.421507876093078,-2.33400461382462,0.183901650950103,1.983958128,56.93271,59.03908,49.31123,54.3620722222222,50.0805,31.40721,3.593467,6.44233073611111,3.578559,342.624827305556,5469.32241,4.794861802069,-1.777456,715.9438791,0.218869961326168,7.677144686614,10.950777,0.030132033,-0.079565506,15.420812954,5.3731237507,0.14204677,-0.0051733153573638,18.1795010288066,8.41101400514404e-07,3.1397660776749e-07,51.4243372016461,40.83772,25.76528,9.23501938554527,0.307263999999996,0.0348139289274691,0.112486,0.0,-1.0,-1.0,-2.11291976649368,-0.489517981345453,2.92682984582278,1.05371028353277,-1.04344006837122
89,1029,-1.43755596130601,0.652971895095136,-2.73580501382462,0.280683448458128,3.2296278888,52.9528,57.49336,1.36667,55.2155091152263,50.02424,51.89565,4.035683,6.57568767283951,3.307848,368.673681043313,5031.7114113,6.22111129538,-1.455651,585.25284872,0.383866496041361,8.72670066249,10.0969065,0.018047522,-0.032748773,336.38040846,3.37330111,14.26619584,-0.0051928303573637,17.9871399176955,8.49174413734567e-07,3.11577670679012e-07,51.6426677957819,43.58033,16.32681,9.23867466923868,0.114698000000001,0.0348466754591858,0.125510999999999,0.0,-1.0,-1.0,-0.630217079812288,-0.950444943218284,3.14227968003523,0.930104785601093,-1.40056862540967
90,1036,-1.4077228019609,0.334408639699045,-2.69873641382462,0.209025917033745,1.7463663103,57.65291,57.79708,50.00134,57.2972127983539,50.03171,67.46109,3.841272,6.59776214326132,3.421125,340.63032875661,5308.9040712,7.328923746542,-0.98441499,496.03634299,0.349858834919323,8.75826863842,9.1721654,0.028069633,-0.055466806,35.9617273,11.5170023812,0.07734351,-0.0051761953573637,18.8319187242798,8.7428599066358e-07,3.17078891152263e-07,51.4821043312757,44.16493,15.81241,9.23545121167696,0.113080999999999,0.0350920788425925,0.143268,0.0,-1.0,-1.0,-2.19094219632233,-0.255089796901728,3.12013025328522,0.871825518091511,-0.924931069601114
91,1043,-1.56373445506337,0.492477384222366,-2.73541574715795,0.238962470338604,2.1414310960803,56.6326,58.37308,49.8074888888889,56.5945201246409,49.8074888888889,40.1978211111111,3.50696,6.64818556820499,3.1798,363.49135673034,4863.25736833333,8.063910664236,-1.6727705,831.0588647,0.517426020416863,8.769326914979,9.027886,0.049575477,-0.050699539,56.394282607,27.1496181781818,0.10122565,-0.0051971843573637,20.7920541423408,8.56287633307614e-07,3.5548985888414e-07,51.1870580612316,43.69014,15.88627,9.23076412989992,0.144304999999999,0.0350996866327159,0.634874,0.0,-1.0,-1.0,-1.8601348276682,-0.0264293425854025,3.47818941447537,1.15980621470466,-0.877751533684115
92,1050,-1.41937329798868,0.633268464081761,-2.70979551382462,0.249576717776414,2.1596768043,57.57611,60.684,50.03682,56.3308663271605,50.0998,34.45549,3.506593,6.78850612268519,3.078102,446.020341469136,5147.0707285,5.817697302127,-1.860197,862.0904131,0.490821924018328,8.492883106101,9.0128078,0.0646619532,-0.0511331,48.391742185,23.090435222,0.79225111,-0.0051892623573638,22.1680298353909,8.62442731841564e-07,1.57720111392233e-05,51.6047112885802,37.60504,23.22982,9.22220065277778,1.436351,0.0348521074048353,0.133585,0.0,-1.0,-1.0,-1.56103197962271,0.412993856761726,3.35153688092347,1.45403953142795,-0.486579811355581
93,1057,-1.42372344859241,0.465545970751,-2.72277660382462,0.195303521201132,1.6920205341,57.53184,57.53184,50.0612,57.6036219881687,50.0612,46.13493,3.592436,6.69904442489712,3.256101,366.414039054038,4863.5380943,6.081975526756,-1.826146,1143.3362424,0.433730610853106,8.725602420983,8.5116026,0.0705737289999999,-0.049348882,112.9886868,12.837556982,0.24954228,-0.0051840023573637,23.3685956790123,8.79686976028807e-07,3.5706475462963e-07,51.1925002546296,37.95005,21.71781,9.22295495730453,0.262542999999997,0.0351223481162551,0.106725,0.0,-1.0,-1.0,-1.76182634216632,0.105528636777551,3.26046711406654,0.977117315706344,-0.853563707680868
94,1064,-1.42876234465175,0.908636893546782,-2.59226021382462,0.282935690367387,2.87750112,59.00622,60.05995,50.09067,56.8205926646091,50.12835,38.11837,3.51199,6.75272545653292,3.198501,575.997616822515,5161.257015,7.149124602844,-1.897468,256.961718,0.539555636942229,8.752709588098,7.1637147,0.078654006,-0.11957462,113.8367344,54.73295843,0.15547534,-0.0051763123573637,21.4294612794613,8.6917882332819e-07,3.28641402448092e-07,51.2728712394781,42.0454,17.34172,9.22762781635802,0.203471,0.0352865214855967,0.0952619999999999,0.0,-1.0,-1.0,-1.78352444256468,0.590836025404971,3.57899110097266,1.44851736284113,-0.46103028097155
95,1071,-1.40978920852109,-0.0463846810292029,-2.78836259382462,0.241796400093569,2.77570782429,53.77428,53.77428,47.72714,58.5679936800044,47.72714,79.08602,3.819253,6.76801186656746,3.648217,410.43759796536,5128.4691693,6.398035816731,-1.894219,362.942538,0.529666009889226,8.655735608814,7.63184313,0.391083589,-3.060859395,640.092932341,640.092932341,0.78912624,-0.0051788993573637,49.6825231481481,8.40648919289854e-07,1.86508950271312e-05,47.8875535493827,23.71741,36.75239,9.07811370513668,1.296668,0.0341772316932367,0.102523,0.0,-1.0,-1.0,-0.698646684266828,0.0745337156233382,2.76920015989014,0.936251337358712,-0.0998233561877421
96,1078,-1.18420153496927,-0.374419025985335,-2.83406222271351,0.26242112894534,3.47505106802444,51.56568,56.11679,34.74974,57.223248547983,44.7651555555556,72.2542844444444,4.181264,6.87401755673133,3.551576,275.553007114817,5363.32178629222,7.07078086221571,-1.2945932,623.4712377,0.278570100146443,8.26966480867143,8.7105992,0.173434692,-3.214378909,218.300177512,130.8886341697,1.63188521,-0.0051810653573638,20.3354791299236,8.40995140805829e-07,3.43403832786736e-07,50.6853114350102,39.45832,25.17705,9.23354939823913,0.317169,0.0360993978283082,0.659428,0.0,-1.0,-1.0,-1.17121007158187,-0.661289970378905,2.94010308546283,0.403971246268442,-1.12259228256067
97,1085,-1.19690714609325,-0.0489137018560603,-2.82285399882462,0.273129123420596,2.67941871789,55.23959,55.76767,45.65885,56.3894661361883,45.65885,80.60105,3.541487,6.76250317438272,3.156863,287.416919638077,4938.032587939,3.816772110309,-1.913542,734.151044,0.124916868523274,5.8039204563,7.546624,0.028461764,-0.190503428,413.8663594,10.203659949,0.52523465,-0.0051846203573638,22.4639467592593,8.35570643752392e-07,3.22836012692901e-07,50.7752376369599,38.49755,21.1868166666667,9.2252404060571,0.279212000000001,0.0334181844947103,0.0996070000000002,0.0,-1.0,-1.0,-1.72071272679618,-0.407396080818617,2.90830136982443,0.637408658006077,-1.17428132171406
98,1092,-1.31112099426888,0.101349830212826,-2.82747018382462,0.260089897002969,1.8894362519,55.16244,56.06428,38.37965,54.9256074888075,49.78154,65.90726,4.031236,6.60417985999186,3.466171,303.398901908215,4974.601568158,3.245308421273,-1.907025,1110.785025,0.133086444688296,5.190507800384,8.267406,0.186517799,-0.775498356,404.0496652,25.83600167,0.35366769,-0.0052575393573637,16.5278388278388,8.13842297232397e-07,3.14422068966219e-07,51.2252505270655,42.25205,18.34381,9.24327258404558,0.0989389999999996,0.0335743333048433,0.613178,3.9,100.39,30.61,-1.6951516114165,-0.901122336102937,2.98490913083167,0.446464189125335,-1.52188457862124
99,1099,-1.30190120391435,-0.151516155892243,-2.80988932382462,0.175983135208292,1.95165743997,56.34153,56.53893,41.76102,55.2854763833774,48.91074,50.08184,3.812032,6.63976545202271,3.425487,330.498178169505,5232.34344821,7.536394178154,-1.931893,494.28272,0.409380262236589,8.772338459238,7.925191,0.209129254,-1.639465282,99.54920529,99.48909294,0.09274666,-0.0052138363573637,16.4838771310994,8.01413872141388e-07,3.03297306959142e-07,48.605723678351,42.11456,9.57063,9.24779719962522,0.118656999999999,0.0332021934929183,0.0961959999999999,0.0,-1.0,-1.0,-1.89114748558706,-0.481598116930499,3.18601298935148,0.930589054736116,-0.989569225865529
100,1106,-1.42609105881339,-0.677287657614024,-2.81760455382462,0.308259068019195,1.95339139497143,55.7041,55.72911,46.94129,54.7934664861662,49.93808,45.76732,3.533519,6.47696549060295,3.533519,118.776946349216,3722.54686158,0.125664396393667,-1.114376,579.432467,0.0007419068140635,0.121207580674,10.30978075,0.167407531,-0.1323777437,77.067083419,28.265266191,0.53892097,-0.0052131743573637,20.8347194664903,8.01594544933128e-07,3.34782503116733e-07,50.9535027091601,38.6221,22.74942,9.23407842055225,0.421301,0.0330233241023662,0.118013,0.0,-1.0,-1.0,-2.83717496380557,-1.40924646500025,2.48156710256902,0.665100603756143,-1.5719984898997
101,1113,-1.36359096493647,-0.47279158273066,-2.82209564182462,0.343786874410171,2.2850750535,56.56526,57.84248,47.3149,52.4530154900319,49.55927,21.544,3.839634,6.41464970141326,3.340005,132.542123779428,3508.5790628,0.0073007743909998,-1.363029,295.386969,0.0005465368492055,0.02592445893,5.563993,0.07915971,-0.752472042,139.80907299,19.621664407,1.00586192,-0.0052690223573638,17.4037329434698,8.09027189756944e-07,2.92156379707602e-07,51.4168499312865,34.38999,26.5163,9.24284629790448,0.278216999999998,0.03284251234375,0.5479815,0.0,-1.0,-1.0,-3.01432350549322,-1.5129558705407,2.27065953285155,0.982432491652949,-1.47763093354127
102,1120,-1.38847409577488,-0.309146287914139,-2.82261115382462,0.445493174129945,3.56515753162,57.73346,59.03751,46.561546,53.5975135053835,49.82561,62.30976,3.28209,6.42351594112138,3.07975233333333,172.18364745523,4166.38266818,0.015618159155,-1.088042,260.625192,0.0006225339856471,0.00818938746,4.0731536,0.18079183,-4.73380396,273.235199808333,242.409211511,0.23880016,-0.0052472423573637,18.1004065379065,8.06484797818848e-07,3.0010447385878e-07,51.0678501349761,37.4893,22.2949833333333,9.23990909312216,0.168379999999999,0.0331170924083222,0.323262666666667,0.0,-1.0,-1.0,-3.01448843841246,-1.21972126181166,2.56316054250355,1.04445207205927,-1.36213325952656
103,1127,-1.30973942502919,0.0731174878613391,-2.81581141382462,0.776839549214753,5.49985946529,54.16511,54.16511,41.153373,53.1008200013503,41.153373,49.977087,3.802867,6.37779855671296,3.00332,205.617474619547,4009.81133613,0.029772075334,-1.20755,395.38955,0.0014965225652569,0.20800498906,4.880663,0.80617819,-0.686114971,96.64389411,81.884640601,1.38314893,-0.0052515563573638,25.3096257716049,7.95318899498456e-07,6.76296015468715e-06,49.901631244213,26.13252,34.19351,9.21605827469136,0.972068999999999,0.0323176798977623,0.100047,0.0,-1.0,-1.0,-1.67338786368152,-1.40667017197327,3.04193551061273,0.701330061605583,-1.23207022025752
104,1134,-1.4175081241059,-0.273288590332623,-2.82419168382462,0.684065713767151,5.17672218026,55.11736,56.73787,35.4214,53.3826960585455,48.65724,39.28204,3.712811,6.41365907918596,3.047,178.160765748751,3841.045181337,0.0280836820279999,-1.177836,430.419236,0.0010507929031913,0.044442163423,6.372077,0.274919746,-1.100878834,436.23067529,50.798673724,1.52059883,-0.0052731883573637,16.6779031635802,8.16286703510803e-07,3.20678801533565e-07,51.249007844811,40.38928,20.82094,9.24191352994792,0.135458999999999,0.0326970180439814,0.111325999999999,0.0,-1.0,-1.0,-2.34909588379367,-1.43013860905311,3.24023060083834,0.806981301803852,-1.76142581105794
105,1141,-1.32774846033922,-0.162953022141817,-2.80716222382462,0.608876349878274,4.68915168922,54.6959,56.92083,36.6813,52.9354005481902,49.91545,43.16755,3.975344,6.37005248034161,3.075487,183.488473620865,3860.32382508,0.023122025857,-1.1491654,475.6444654,0.0009424043166884,0.07008194899,6.304302,0.037572928,-0.092438236,574.11499627,3.7410219,0.59944006,-0.0052556203573638,14.2272119341564,8.00928582647189e-07,2.7648141404321e-07,52.230123438786,44.69817,17.97324,9.24499419727366,0.0589569999999977,0.0329657672775564,0.111638000000001,0.0,-1.0,-1.0,-2.52705973577102,-1.47688669386522,3.12364964807209,0.644557259262595,-1.84711663413333
106,1148,-1.31474759262832,-0.306890249771763,-2.83248577682462,1.02076482788159,5.301645071586,55.84499,57.08969,38.56417,54.0817113503086,38.56417,91.91533,3.872759,6.544075015625,3.301896,167.638828763502,3539.892528095,0.011886645453,-1.320055,461.976855,0.0007965492284617,0.0449563071499998,6.011648,0.0895175149999999,-2.230411522,713.38416589,106.8160724341,0.20704918,-0.0052940343573638,16.2711752946128,7.99946938818743e-07,2.93619604675224e-07,51.3744933414001,43.592,17.81613,9.24452219239268,0.0936509999999994,0.0323853693264239,0.11574,0.0,-1.0,-1.0,-1.45316341022718,-1.13619324702393,3.94854245749578,0.467982482597312,-1.99250571523283
107,1155,-1.34646347686921,-0.385047791984918,-2.83117964482462,0.701140492947157,5.077955558854,56.07086,56.07086,24.48532,54.1792958506945,45.01281,71.69275,3.79471,6.55215929783951,2.986307,169.903028178708,3793.514088373,0.0112902764449999,-1.15782,441.88512,0.0008222144297987,0.054527846946,5.742937,0.06058453,-0.815457239,440.440792059,100.26199385,0.80189138,-0.0052964683573638,14.7349151234568,7.80839951874649e-07,2.90247667746914e-07,51.5971605111883,44.55244,16.70361,9.24722996489198,0.114515000000001,0.0325928762603465,0.11218,0.0,-1.0,-1.0,-2.062391878106,-1.38045262253537,3.3138040673341,0.340742048203186,-1.71165215936082
108,1162,-1.262335242469,-0.174903353204063,-2.81436924382462,0.754578513359549,4.7709731322,56.60281,58.85506,41.2569,54.2798322611588,48.39773,49.40716,3.206101,6.50692457374548,2.977491,185.11646877789,3747.7278256,0.010892353171,-1.225127,426.737327,0.0006588525784873,0.0115340741299999,4.595041,0.092551842,-2.03932643,408.41947779,129.738411745,0.15529807,-0.0053543103573637,13.2654994688417,7.63367160585805e-07,2.79945167152361e-07,51.6402939512325,44.6566,16.7517,9.24910276857253,0.0736399999999992,0.0318025098468643,0.526869,0.0,-1.0,-1.0,-2.52737071628646,-1.04311998548468,3.32942558815699,1.01294981996412,-1.75913332465823
109,1169,-1.30939889658779,-0.219270564736765,-2.81627954382462,0.663030669280434,5.02252572139,56.46892,58.51695,38.98929,54.277052590388,47.87514,63.79216,4.00912,6.55168597800926,3.315403,182.52121102797,3929.2634033,0.0245086912679999,-1.171875,492.685775,0.0009694669493055,0.063160268724,4.554206,0.206941892,-0.2984492402,577.64014485,16.84592929,0.21725975,-0.0054117643573637,14.2780911796537,7.64331371150993e-07,2.80734893844196e-07,51.6768490135983,44.85756,16.63462,9.24760618675595,0.0528150000000007,0.0312529119383066,0.126852,0.0,-1.0,-1.0,-2.33504744419808,-1.10655111315599,3.27591692472297,0.555929343276132,-1.81036195201709
110,1176,-1.34026444902585,-0.0175304085834909,-2.78483586382462,0.824139218501096,5.81339195646,43.84522,43.84522,43.129,53.3640014467593,47.62375,51.21156,3.993118,6.500572265625,3.683699,232.762525630388,3986.8285838,0.434292592141,-1.262098,823.920299,0.0297159253780877,1.51537538008,5.16873,0.033834995,-3.6606944387,893.388616569,184.1046669215,0.49194144,-0.0053479843573638,15.3836516203704,7.64465321124439e-07,2.95964129311343e-07,51.4155914728009,38.61943,28.92877,9.24682545495756,0.160133,0.0316400439498373,0.0936880000000002,0.0,-1.0,-1.0,-1.23672502961041,-1.75668675956298,3.46827495465596,-0.19987671978924,-1.88189466656315
111,1183,-1.36979126744985,-0.461709414170511,-2.80969635382462,0.347992099361645,3.73601694956,56.01929,56.9191,45.36711,53.1227346144237,48.85807,25.73125,3.883756,6.35891214190476,2.692516,157.421873575579,3881.48640942,0.015661171107,-0.7792345,225.9897855,0.0006131891381542,0.025220419866,5.268654,0.021918687,-0.37344808,31.670352543,11.305816291,0.0259977100000001,-0.0053281713573637,12.1575852311939,7.58841434208724e-07,2.66584491271912e-07,51.6254167665286,42.85785,18.38576,9.24980299242236,0.0960470000000004,0.0311427780092592,0.0920520000000002,0.0,-1.0,-1.0,-3.54513960891479,-1.60342863389732,2.45106867916606,0.781224179422737,-1.45392358149706
112,1190,-1.40635498426763,-0.907269816783722,-2.80462373382462,0.256878009690727,3.54832292213,56.23696,57.61111,48.87433,54.3578731404321,49.35077,70.40797,3.29313,6.38563878780864,2.876003,116.126456276991,3187.28032361,128.35835576,0.14411554,232.52099556,0.0003301620270246,0.02350129219,5.58852,0.034525372,-0.03322614,118.09248355,1.100464293,0.0620416900000001,-0.0053480213573637,12.5464891975309,7.54625074286265e-07,2.64433542052469e-07,51.8207483796296,45.24415,16.25991,9.2477573900463,0.0630919999999957,0.0309080672511573,0.0912540000000006,0.0,-1.0,-1.0,-4.02176987021035,-1.62879083098226,2.166130759711,0.584098492258332,-1.39405731715894
113,1197,-1.32346196262751,-1.02210197163098,-2.81564855382462,0.290104920562006,3.46706639544,56.91538,56.91538,48.2722,55.8734163003297,49.68072,85.27478,3.519054,6.44067583515713,3.148876,101.069162880065,2816.53515898,70.6414614,-1.395705,363.746289,0.0002937005419849,0.004987381579,5.02056,0.069139533,-3.250761863,331.887264437,331.8765644432,0.0404916800000001,-0.0053365773573638,12.8737040544332,7.5295063932705e-07,2.65812032944024e-07,51.7054722736041,44.44726,17.36312,9.24937324905303,0.0702719999999992,0.0309520391738315,0.112261,0.0,-1.0,-1.0,-3.06904818516067,-1.31414211308857,2.34088446831281,0.68565147904012,-1.68126774663795
114,1204,-1.42278,-2.71336541382462,-2.71336541382462,9.13493e-05,0.0,53.42466,57.3205,48.82542,50.0318,50.0318,0.0,3.321353,6.11152,0.0,0.22205,0.0,0.0,1.36488,0.0,1.62142e-05,0.0,0.0,-0.00255052,-0.00255052,1449.9515042,0.0,0.18855347,-0.0053008143573637,6.0,6.88913e-07,2.16751e-07,50.9267,50.9267,0.0,9.27024,0.0,0.0193033,0.0,0.0,-1.0,-1.0,-7.2103679253309,-3.03147854240581,0.687578451814441,0.99420479670925,-1.04818603155585
115,1211,-1.22767085530093,-1.33750724207822,-2.81731028382462,0.116585187575824,0.76311069792,56.89724,56.89724,34.29427,55.9332168184156,48.61598,39.35796,3.392552,6.51329856352881,3.36896,72.3365832714594,1638.60806978,45.79525101,-1.346293,204.551071,0.0001715509055372,0.0023130150889998,1.473469,0.082390624,-0.042498377,130.256514941,16.58856426,0.22746757,-0.0051895093573637,13.9447273662551,7.55713814660493e-07,2.73677242283951e-07,53.0395693827161,45.25896,111.32174,9.24814514326132,0.141551999999999,0.0311757538850308,0.124401000000001,0.0,-1.0,-1.0,-3.30910193114172,-1.23840283260999,1.1969345042375,0.456134524720887,-1.31524990852006
116,1218,-1.22837236837233,-1.38540135907668,-2.81843355382462,0.125948484244954,1.16636519146,55.53632,57.76328,40.86007,56.9572819367284,47.52688,73.5152,4.562599,6.54199110725309,3.126882,72.8216158087366,2354.81392295,35.8995317,-1.390373,304.4884868,0.0001745644239987,0.001278574446,2.669762,0.0366237594999999,-0.341604989,13.931625683,5.932822178,0.08085387,-0.0052021153573637,12.941975308642,7.78836615888047e-07,2.71657143261317e-07,52.3556976697531,44.30751,17.28851,9.24625509645062,0.058019999999999,0.033169539801487,0.0446499999999998,0.0,-1.0,-1.0,-3.37815174886292,-1.4928580784843,1.74904428331676,0.155295794366534,-1.54946493981688
117,1225,-1.13522737894264,-1.17298581148665,-2.80693816382462,0.121207174045368,1.03256029964,55.19373,57.24587,32.93107,55.3960763657407,49.03641,55.20077,3.758816,6.58612267875514,3.183454,93.8637757466497,3938.09604734,453.0798992,-1.2609268,289.4293536,0.0003785572808631,0.0154196464059999,4.177959,0.021176594,-0.405280319,49.787476133,6.228916097,0.0611094300000001,-0.0052142253573637,12.9332047325103,7.79760834556336e-07,2.71873080452675e-07,52.2772000540124,41.30774,20.30016,9.2465104848251,0.0660919999999993,0.0333083566820987,0.077852,0.0,-1.0,-1.0,-3.41066204679203,-1.50004054789641,1.75045400915567,0.303510733197715,-1.3485411719249
118,1232,-1.44403172511831,-0.280541204498486,-2.82216892382462,0.115754692994765,1.227969423541,54.76979,54.76979,44.81427,54.0547083307613,46.7963,38.42429,3.723146,6.37183805041152,2.866375,178.634991127104,3078.93127993,47.95852583,-1.346541,245.7037721,0.0002671153399536,0.015298459751,12.6347273,0.0408592837,-0.5322349852,22.71843856,12.222391787,0.0333664299999999,-0.0052005723573637,13.0885288065844,7.82099461728395e-07,2.766064594393e-07,52.3698563117284,45.2686,16.1469,9.24674300925926,0.0448829999999986,0.0333440934439299,0.0405890000000002,0.0,-1.0,-1.0,-3.18752728924858,-1.62518984496365,2.32287319167821,0.655525781321681,-1.43960577356758
119,1239,-1.44790283561214,-0.107819149282289,-2.82155226382462,0.143096873991261,1.488410468379,55.81013,56.94475,32.05555,54.5603601527778,45.77994,78.77023,3.718007,6.35951627546296,3.44806266666667,205.683260718882,3220.72002718,124.8669336,-1.42289,287.24750059,0.0004442920338316,0.0291755592779999,13.5003961,0.026176419,-1.025339725,48.3945658298,31.1574988788,0.10073971,-0.0052238703573637,13.360873015873,7.87264964506173e-07,2.76431906951058e-07,52.2854972154762,40.84142,20.75872,9.24551350013228,0.172104000000004,0.0340771703446501,0.0565489999999999,0.0,-1.0,-1.0,-2.42208322835565,-1.5918167345492,2.43633385756413,0.409033033688099,-1.35322188392527
120,1246,-1.34608458485082,0.155522004948338,-2.83384608882462,0.468314341799223,4.061385147795,55.441,58.42776,28.5662,53.4400956539352,33.46151,68.78612,4.219873,6.38308868672839,3.809373,214.885078066377,3872.158662879,15498.45368766,-1.404298,469.932898,0.0096433680502773,1.032058918562,12.789249,0.39535747,-0.3911253351,406.99245282,406.99245282,0.470970236666667,-0.0053009663573637,12.7422330948373,7.59967827944236e-07,2.81482313934484e-07,51.731903683186,44.35313,16.96388,9.25098841100238,0.0758809999999972,0.0314932392202455,0.103309,0.0,-1.0,-1.0,-1.47789426712171,-1.65674942476322,3.2804777432165,0.201253153184048,-1.76733026851355
121,1253,-1.33060809610552,-0.201725598955507,-2.82797471382462,0.212880199045294,2.03431556627522,56.64407,57.37792,37.78388,53.478105788249,40.54324,78.21906,3.680338,6.45346385456661,2.798252,182.484972729289,3660.774740651,3545.4933749,-1.417007,369.3522,0.0017620658097329,0.37672404411,9.8936145,0.032348156,-0.204227123,67.3499844157,14.360247445,0.04573503,-0.0053292354684749,13.1828194686833,7.60019818132716e-07,2.76494804275742e-07,51.7440652210587,44.32867,17.15683,9.25040870399457,0.0850660000000012,0.0313971110050154,0.259912888888889,0.0,-1.0,-1.0,-2.67237846147296,-1.45399943620756,2.48317063791996,0.455366321886799,-1.37605219684112
122,1260,-1.33963206623776,-0.548743232254142,-2.82486033382462,0.237759017160267,2.100669477467,55.18246,57.73487,36.77827,53.6515276518593,43.59335,24.5275,3.267824,6.49497726344719,2.632711,153.560108840788,3742.47230749,12597.05591395,-1.150477,401.714787,0.0053284884243427,1.02763289249,5.624592,0.10322114,-2.4564394536,110.277032381,110.255948439,0.0839144,-0.0052919723573637,13.5057172948168,7.45475243955761e-07,2.80441943334838e-07,48.6153147889867,44.77454,11.72143,9.25087254931167,0.0673170000000009,0.0310558091460904,0.460748,0.0,-1.0,-1.0,-3.43182575271484,-1.61619248491982,2.324955740533,0.736682183155346,-1.2774728520296
123,1267,-1.19001657896991,-0.063535613316876,-2.81335246382462,0.306266096515177,2.59147636995,56.32668,57.14285,36.45838,54.2133084494535,48.16138,24.42969,3.145463,6.47701029508197,2.544124,195.182022907773,3580.63082028,5696.51087981,-1.358179,378.425979,0.0049605699078421,0.9863544159,5.759636,0.149213079,-0.228771578,35.949525069,33.103003355,0.0896148700000001,-0.0052778673573637,14.303326873385,7.50682555349794e-07,2.70489609457952e-07,48.4561574136716,44.89326,10.85059,9.24829763057905,0.0876669999999997,0.0312810413914608,0.554466,0.0,-1.0,-1.0,-3.21872606733581,-1.32668329588836,2.50279507770969,0.909705614444575,-1.28119477179878
124,1274,-1.24052275801685,-0.911271812251092,-2.81815490482462,0.200910620604177,1.53208824347,54.27793,57.72697,40.62439,54.3256494725499,48.94924,28.21982,3.405145,6.5544548178535,2.692136,102.233863381444,2895.787676618,217.2437297,-1.401215,355.213025,0.0009559427060211,0.109201795704,5.409105,0.0417045339999999,-0.130780642,163.498122413,7.043220641,0.8537443,-0.0052634743573637,14.487867632506,7.63619025165563e-07,2.70051703621898e-07,48.5935868566678,44.67647,9.45498,9.25051871468155,0.0679009999999973,0.0320649363076436,0.55439,0.0,-1.0,-1.0,-3.55667201413702,-1.53563673535414,2.09488124304378,0.803158365083237,-1.44089168117231
